customer_id,region,segment,signup_date,signup_month,first_order_date,last_order_date,lifetime_orders,lifetime_revenue,lifetime_profit
C00001,Midwest,New,2024-01-19,2024-01,2024-01-08,2025-06-12,6,2120.15,655.4
C00002,Midwest,Loyalty,2024-09-10,2024-09,2024-04-07,2025-06-09,11,3489.25,1206.7
C00003,Northeast,Returning,2024-08-17,2024-08,2024-01-03,2025-05-24,16,4589.19,1619.07
C00004,Midwest,Loyalty,2024-03-22,2024-03,2024-01-03,2025-06-19,11,4064.53,1349.92
C00005,West,Loyalty,2024-03-13,2024-03,2024-03-07,2025-06-11,12,4292.43,1371.07
C00006,South,Returning,2024-07-04,2024-07,2024-01-10,2025-06-13,10,2207.16,770.92
C00007,West,Returning,2024-04-02,2024-04,2024-03-05,2025-06-21,10,3596.4,1193.18
C00008,West,New,2024-04-25,2024-04,2024-06-10,2025-06-06,7,2932.67,895.17
C00009,Northeast,New,2024-10-05,2024-10,2024-07-17,2025-04-26,3,1584.24,578.68
C00010,Northeast,Returning,2024-11-22,2024-11,2024-03-02,2025-06-03,12,4360.49,1628.26
C00011,Midwest,Loyalty,2024-10-12,2024-10,2024-04-05,2025-06-11,13,3129.75,1091.15
C00012,South,Loyalty,2024-06-14,2024-06,2024-05-11,2025-05-27,10,3870.77,1244.86
C00013,Midwest,Returning,2024-01-10,2024-01,2024-02-11,2025-06-01,11,3953.99,1293.7
C00014,Northeast,New,2024-09-08,2024-09,2024-02-17,2025-02-26,7,4580.72,1297.75
C00015,Northeast,Returning,2024-08-12,2024-08,2024-04-23,2025-05-18,9,2756.32,960.86
C00016,Northeast,Returning,2024-12-16,2024-12,2024-05-08,2025-05-07,15,5745.23,1820.64
C00017,Midwest,Returning,2024-09-03,2024-09,2024-12-05,2025-04-22,5,2228.53,836.82
C00018,Midwest,Loyalty,2024-09-27,2024-09,2024-01-09,2025-06-23,9,4344.73,1470.53
C00019,West,Returning,2024-06-16,2024-06,2024-02-21,2025-06-21,13,4914.94,1738.64
C00020,Midwest,Loyalty,2024-02-06,2024-02,2024-02-11,2025-02-18,11,2975.72,880.99
C00021,West,New,2024-11-18,2024-11,2024-05-15,2025-06-05,10,3913.36,1286.58
C00022,South,New,2024-05-22,2024-05,2024-04-16,2025-06-15,10,3731.31,1258.34
C00023,Midwest,Loyalty,2024-09-03,2024-09,2024-02-16,2025-06-23,7,3080.71,934.01
C00024,South,Returning,2024-03-13,2024-03,2024-05-02,2025-02-18,6,1609.38,554.07
C00025,South,Loyalty,2024-09-18,2024-09,2024-01-17,2025-04-17,11,3238.97,983.5
C00026,Northeast,New,2024-10-06,2024-10,2024-01-08,2025-05-04,9,3289.12,1149.9
C00027,South,Returning,2024-03-19,2024-03,2024-01-02,2025-04-06,13,5746.36,2092.87
C00028,West,Returning,2024-10-03,2024-10,2024-01-06,2025-05-21,7,2891.1,844.82
C00029,West,Loyalty,2024-09-07,2024-09,2024-01-07,2025-05-27,17,5943.17,1865.39
C00030,West,New,2024-09-05,2024-09,2024-02-03,2025-06-26,14,5892.12,1857.78
C00031,South,New,2024-09-26,2024-09,2024-04-05,2025-02-17,8,3448.53,1126.94
C00032,Northeast,Loyalty,2024-05-09,2024-05,2024-04-10,2025-04-14,12,3508.23,1227.82
C00033,Midwest,Loyalty,2024-11-02,2024-11,2024-04-13,2025-06-14,14,5928.65,2105.85
C00034,West,New,2024-12-07,2024-12,2024-04-08,2025-06-26,10,3798.89,1213.29
C00035,Northeast,Loyalty,2024-05-04,2024-05,2024-01-18,2025-06-20,12,3921.52,1338.62
C00036,Midwest,Loyalty,2024-06-26,2024-06,2024-02-24,2025-05-07,10,5595.52,1615.29
C00037,Northeast,New,2024-08-21,2024-08,2024-01-26,2025-05-14,18,5831.93,1763.18
C00038,West,Loyalty,2024-03-02,2024-03,2024-01-06,2025-06-10,9,3250.28,955.73
C00039,Midwest,Returning,2024-06-11,2024-06,2024-01-07,2025-05-13,17,6243.8,2110.2
C00040,Midwest,Returning,2024-05-10,2024-05,2024-02-12,2025-06-13,11,4686.78,1578.45
C00041,South,New,2024-02-04,2024-02,2024-01-14,2025-06-27,11,3790.72,1248.53
C00042,South,Loyalty,2024-08-10,2024-08,2024-04-03,2025-04-08,5,2024.11,663.89
C00043,Northeast,Loyalty,2024-07-08,2024-07,2024-01-23,2025-04-24,14,5979.31,1794.23
C00044,South,Returning,2024-09-27,2024-09,2024-07-20,2025-04-09,8,2210.45,800.91
C00045,South,New,2024-02-21,2024-02,2024-02-14,2025-03-18,9,3944.1,1172.27
C00046,Midwest,Loyalty,2024-12-10,2024-12,2024-01-01,2025-04-08,12,3643.41,1249.58
C00047,West,Loyalty,2024-12-19,2024-12,2024-03-07,2025-05-09,17,7120.94,2203.54
C00048,Midwest,Returning,2024-10-07,2024-10,2024-03-09,2025-04-13,15,4823.53,1659.1
C00049,Midwest,New,2024-11-18,2024-11,2024-02-17,2025-06-06,14,4483.92,1499.26
C00050,South,Loyalty,2024-11-07,2024-11,2024-03-17,2025-04-02,6,1613.18,500.76
C00051,West,Loyalty,2024-06-06,2024-06,2024-01-04,2025-06-26,19,6240.07,2073.27
C00052,Midwest,Returning,2024-10-02,2024-10,2024-02-03,2025-05-08,11,3457.76,1205.67
C00053,Northeast,Returning,2024-03-26,2024-03,2024-02-17,2025-04-25,14,6563.96,1941.95
C00054,South,Loyalty,2024-08-10,2024-08,2024-01-19,2025-06-21,15,4956.94,1643.98
C00055,West,Returning,2024-08-13,2024-08,2024-02-02,2025-06-26,6,1012.22,335.72
C00056,West,Loyalty,2024-05-24,2024-05,2024-06-03,2025-06-25,10,3883.29,1140.18
C00057,South,New,2024-07-24,2024-07,2024-05-11,2025-06-08,13,5176.22,1637.78
C00058,Midwest,New,2024-07-13,2024-07,2024-01-05,2025-06-01,17,7402.79,2364.53
C00059,Northeast,New,2024-10-27,2024-10,2024-01-22,2025-06-05,19,6759.85,2244.8
C00060,Midwest,New,2024-11-24,2024-11,2024-02-04,2025-06-15,8,2870.93,980.32
C00061,South,Returning,2024-04-09,2024-04,2024-05-24,2025-01-10,11,4295.17,1385.87
C00062,Midwest,Loyalty,2024-11-27,2024-11,2024-04-11,2025-06-06,10,3242.78,1026.91
C00063,South,Loyalty,2024-10-05,2024-10,2024-03-08,2025-06-12,14,3665.43,1283.75
C00064,West,Returning,2024-03-05,2024-03,2024-04-10,2025-06-22,20,6482.82,2271.35
C00065,South,New,2024-01-26,2024-01,2024-02-24,2025-04-15,9,2469.13,805.07
C00066,South,Loyalty,2024-07-18,2024-07,2024-02-19,2025-06-12,18,6460.87,2072.55
C00067,West,Returning,2024-10-25,2024-10,2024-03-13,2025-05-23,12,3081.03,1004.12
C00068,Midwest,Loyalty,2024-11-19,2024-11,2024-01-03,2025-06-10,11,2464.53,842.46
C00069,West,Loyalty,2024-01-08,2024-01,2024-01-07,2025-06-10,10,3846.35,1311.15
C00070,South,Loyalty,2024-01-16,2024-01,2024-01-22,2025-01-12,7,2158.63,718.85
C00071,West,New,2024-12-20,2024-12,2024-01-19,2025-06-02,14,4748.03,1435.12
C00072,Midwest,Loyalty,2024-03-22,2024-03,2024-03-06,2025-06-22,9,3495.39,1146.57
C00073,Northeast,New,2024-06-25,2024-06,2024-03-10,2025-04-20,13,5533.53,1865.85
C00074,Northeast,Returning,2024-02-13,2024-02,2024-02-24,2025-03-02,12,4381.35,1359.8
C00075,Northeast,Returning,2024-04-17,2024-04,2024-01-12,2025-06-19,12,3095.53,1040.45
C00076,Midwest,New,2024-01-05,2024-01,2024-05-10,2025-06-16,5,1798.57,563.93
C00077,Midwest,New,2024-01-19,2024-01,2024-01-11,2025-06-12,16,4931.33,1642.76
C00078,West,Returning,2024-03-07,2024-03,2024-04-06,2025-06-27,13,4341.19,1544.89
C00079,Northeast,Returning,2024-11-15,2024-11,2024-08-04,2025-06-22,9,4495.89,1401.97
C00080,South,Returning,2024-03-23,2024-03,2024-01-08,2025-05-25,6,2695.75,1042.27
C00081,Midwest,Returning,2024-07-05,2024-07,2024-02-04,2025-06-27,10,4334.12,1548.27
C00082,Midwest,New,2024-09-24,2024-09,2024-01-15,2025-06-24,19,6640.52,2013.82
C00083,South,New,2024-10-24,2024-10,2024-04-03,2025-06-26,12,4352.79,1341.63
C00084,West,Returning,2024-05-12,2024-05,2024-04-16,2025-06-19,10,3063.85,949.34
C00085,Northeast,Loyalty,2024-10-01,2024-10,2024-07-05,2025-05-01,9,3223.27,1061.96
C00086,Midwest,Returning,2024-11-19,2024-11,2024-09-23,2025-04-15,7,1722.31,544.1
C00087,West,Loyalty,2024-06-01,2024-06,2024-02-08,2025-06-26,9,3037.6,989.34
C00088,West,Loyalty,2024-01-18,2024-01,2024-01-26,2025-06-23,18,5791.4,1896.33
C00089,Northeast,New,2024-07-27,2024-07,2024-03-16,2025-06-14,14,4943.51,1572.96
C00090,Midwest,Loyalty,2024-10-24,2024-10,2024-01-06,2025-05-05,12,5151.01,1624.1
C00091,Midwest,Returning,2024-11-02,2024-11,2024-06-23,2025-06-15,8,2038.09,677.22
C00092,Midwest,Loyalty,2024-01-16,2024-01,2024-03-05,2025-05-24,14,6227.56,2040.26
C00093,South,Loyalty,2024-06-02,2024-06,2024-04-01,2025-06-23,11,3848.66,1274.39
C00094,West,New,2024-09-04,2024-09,2024-04-18,2025-03-06,9,4282.66,1386.59
C00095,Northeast,Loyalty,2024-11-09,2024-11,2024-01-15,2025-06-22,11,4311.81,1456.92
C00096,South,New,2024-04-19,2024-04,2024-01-04,2025-03-27,10,2693.01,888.12
C00097,Midwest,New,2024-11-26,2024-11,2024-05-12,2025-06-09,11,3873.31,1311.09
C00098,West,Loyalty,2024-09-06,2024-09,2024-01-24,2025-05-02,13,5065.28,1557.67
C00099,Northeast,Returning,2024-05-21,2024-05,2024-03-20,2025-05-14,6,2536.85,877.52
C00100,Midwest,New,2024-11-04,2024-11,2024-02-18,2025-06-11,10,3831,1152.19
C00101,Northeast,New,2024-10-13,2024-10,2024-01-14,2025-05-14,11,4328.02,1408.12
C00102,West,Returning,2024-07-27,2024-07,2024-04-10,2025-06-03,9,3806.83,1331.16
C00103,Midwest,Loyalty,2024-04-27,2024-04,2024-01-26,2025-06-24,8,2597.77,874.33
C00104,South,New,2024-11-24,2024-11,2024-05-16,2025-06-23,9,3994.66,1310.29
C00105,Northeast,Returning,2024-11-24,2024-11,2024-01-09,2025-05-03,8,3501.25,1062.64
C00106,West,Loyalty,2024-05-25,2024-05,2024-03-16,2025-06-27,7,2212.69,767.12
C00107,West,Returning,2024-11-24,2024-11,2024-01-23,2025-04-23,10,5146.65,1529.53
C00108,Midwest,Returning,2024-07-13,2024-07,2024-03-02,2025-06-21,14,5809.21,1879.02
C00109,Midwest,Loyalty,2024-05-19,2024-05,2024-01-26,2025-05-23,11,3681.38,1231.84
C00110,Northeast,Loyalty,2024-07-22,2024-07,2024-01-03,2025-06-26,10,3268.74,1016.61
C00111,South,Returning,2024-09-06,2024-09,2024-01-01,2025-05-15,14,6538.58,2134.22
C00112,South,Loyalty,2024-01-17,2024-01,2024-03-19,2025-05-12,10,3204.21,1097.98
C00113,Midwest,New,2024-07-21,2024-07,2024-01-04,2025-06-17,17,6511.23,2048.85
C00114,Northeast,New,2024-06-04,2024-06,2024-02-06,2025-06-12,11,3566.86,1221.98
C00115,South,Returning,2024-06-08,2024-06,2024-01-12,2025-06-26,8,4170.86,1301.33
C00116,Midwest,Returning,2024-08-14,2024-08,2024-05-08,2025-05-03,12,4891.86,1472.75
C00117,South,Returning,2024-03-13,2024-03,2024-02-04,2025-06-05,11,3076.9,921.44
C00118,Midwest,Returning,2024-07-20,2024-07,2024-03-06,2025-06-27,8,3887.97,1117.45
C00119,Midwest,Returning,2024-08-03,2024-08,2024-05-17,2025-06-27,11,5950.47,1947.6
C00120,South,New,2024-12-23,2024-12,2024-02-11,2025-05-21,15,4983.69,1768.38
C00121,West,Loyalty,2024-05-17,2024-05,2024-01-20,2025-06-08,12,4186.29,1460.29
C00122,West,Loyalty,2024-03-20,2024-03,2024-03-27,2025-04-07,9,4528.32,1374.26
C00123,Midwest,Returning,2024-09-10,2024-09,2024-02-02,2025-05-08,11,3835.5,1409.1
C00124,Midwest,Returning,2024-06-16,2024-06,2024-01-10,2025-06-23,14,3909.56,1269.42
C00125,Midwest,New,2024-04-21,2024-04,2024-06-24,2025-05-27,7,2606.32,797.69
C00126,West,Returning,2024-03-13,2024-03,2024-02-04,2025-02-19,10,4528.04,1367.6
C00127,West,Loyalty,2024-09-20,2024-09,2024-02-07,2025-06-23,11,3318.91,1051.6
C00128,West,Returning,2024-11-17,2024-11,2024-03-10,2025-06-19,10,3902.61,1250.62
C00129,Midwest,Loyalty,2024-10-26,2024-10,2024-02-03,2025-05-19,7,3513.9,1183.3
C00130,Northeast,Returning,2024-12-04,2024-12,2024-01-13,2025-02-13,12,4390.55,1601.03
C00131,Midwest,Returning,2024-05-10,2024-05,2024-04-05,2025-06-22,16,6731.58,2050.04
C00132,Midwest,Returning,2024-03-21,2024-03,2024-02-15,2025-06-26,15,5353.09,1616.43
C00133,West,Loyalty,2024-06-11,2024-06,2024-03-13,2025-06-22,11,3582.64,1158.19
C00134,West,New,2024-11-23,2024-11,2024-10-09,2025-05-06,9,3527.97,1107.14
C00135,South,New,2024-08-08,2024-08,2024-05-10,2025-06-10,14,5873.72,1797.78
C00136,West,New,2024-03-16,2024-03,2024-03-15,2025-06-19,11,4507.64,1486.85
C00137,Northeast,New,2024-07-25,2024-07,2024-02-19,2025-05-03,10,2726.37,794.05
C00138,West,New,2024-09-15,2024-09,2024-04-18,2025-06-14,18,5619.16,1866.26
C00139,West,Loyalty,2024-09-25,2024-09,2024-02-19,2025-05-18,9,3525.37,1141.33
C00140,West,Loyalty,2024-02-02,2024-02,2024-07-03,2025-05-12,12,4305.82,1205.65
C00141,Northeast,Loyalty,2024-05-22,2024-05,2024-02-03,2025-05-13,8,2493.4,848.22
C00142,Northeast,New,2024-08-14,2024-08,2024-06-20,2025-05-19,12,4062.74,1278.87
C00143,West,Loyalty,2024-05-27,2024-05,2024-01-06,2025-05-01,18,6486.59,2189.73
C00144,South,Loyalty,2024-11-10,2024-11,2024-01-05,2025-04-05,11,6257.81,1928.12
C00145,West,Returning,2024-01-01,2024-01,2024-05-12,2025-06-20,14,4880.94,1649.02
C00146,Northeast,Loyalty,2024-03-27,2024-03,2024-01-16,2025-04-18,13,4023.61,1280.28
C00147,Northeast,Returning,2024-12-07,2024-12,2024-03-16,2025-02-25,12,3801.69,1293.23
C00148,Northeast,Returning,2024-10-14,2024-10,2024-02-07,2025-06-03,9,3225.24,973.27
C00149,South,Returning,2024-05-07,2024-05,2024-01-14,2025-06-02,20,8633.71,2695.79
C00150,Midwest,New,2024-05-07,2024-05,2024-01-13,2025-06-04,14,4393.24,1514.07
C00151,South,Loyalty,2024-03-19,2024-03,2024-01-06,2025-04-12,14,4749.69,1530.24
C00152,Northeast,Loyalty,2024-04-25,2024-04,2024-01-18,2025-05-21,10,3335.08,1127.33
C00153,South,New,2024-08-08,2024-08,2024-01-13,2025-04-13,9,2635.96,803.17
C00154,South,Returning,2024-11-25,2024-11,2024-01-12,2025-05-25,11,4589.81,1345.09
C00155,Northeast,Loyalty,2024-02-25,2024-02,2024-01-01,2025-05-27,7,2382.9,718.79
C00156,South,Returning,2024-08-01,2024-08,2024-03-12,2025-04-21,11,4449.92,1616.95
C00157,Northeast,Loyalty,2024-09-12,2024-09,2024-01-08,2025-06-27,13,3348.66,1025.44
C00158,South,Returning,2024-02-23,2024-02,2024-01-14,2025-06-13,12,4311.67,1270.05
C00159,South,Returning,2024-12-25,2024-12,2024-02-13,2025-06-06,11,4609.55,1379.14
C00160,Northeast,Loyalty,2024-09-09,2024-09,2024-06-09,2025-06-03,11,4259.22,1316.03
C00161,West,Loyalty,2024-11-24,2024-11,2024-11-05,2025-06-27,7,2271.27,804.66
C00162,South,Returning,2024-12-16,2024-12,2024-01-25,2025-06-26,10,4329.47,1272.68
C00163,South,Returning,2024-05-04,2024-05,2024-02-12,2025-06-15,15,5678.85,1875.28
C00164,West,New,2024-03-01,2024-03,2024-05-09,2025-06-10,14,4683.56,1542.32
C00165,West,Returning,2024-09-14,2024-09,2024-05-01,2025-06-22,20,8253.27,2524.48
C00166,South,Returning,2024-10-13,2024-10,2024-03-27,2025-06-14,13,5454.92,1838.32
C00167,South,Returning,2024-02-17,2024-02,2024-01-19,2025-04-13,12,5149.97,1797.26
C00168,Midwest,Loyalty,2024-07-11,2024-07,2024-01-23,2025-05-15,14,6226.48,1998.04
C00169,South,New,2024-12-07,2024-12,2024-04-05,2025-06-26,13,4306.49,1441.28
C00170,South,New,2024-06-22,2024-06,2024-03-18,2025-04-23,14,6401.24,2003.9
C00171,South,New,2024-03-23,2024-03,2024-04-01,2025-06-11,16,4481.84,1489.41
C00172,Midwest,New,2024-09-11,2024-09,2024-03-01,2025-05-20,12,3640.71,1241.4
C00173,West,Loyalty,2024-06-02,2024-06,2024-02-19,2025-06-10,12,4080.6,1494.07
C00174,Midwest,New,2024-04-03,2024-04,2024-03-09,2025-06-15,12,4858.51,1498.43
C00175,West,New,2024-10-26,2024-10,2024-01-17,2025-05-20,13,4670.48,1392.27
C00176,West,Returning,2024-06-22,2024-06,2024-01-01,2025-06-20,11,5382.19,1735.37
C00177,South,New,2024-05-01,2024-05,2024-08-02,2025-06-22,8,3287.45,1065.06
C00178,South,Returning,2024-02-14,2024-02,2024-02-15,2025-06-04,11,3162.94,1016.26
C00179,West,Loyalty,2024-02-23,2024-02,2024-03-22,2025-06-25,8,2543.14,779.56
C00180,Midwest,New,2024-12-02,2024-12,2024-01-11,2025-06-26,12,4199.42,1268.1
C00181,West,Returning,2024-12-18,2024-12,2024-01-08,2025-06-25,16,3840.69,1369.05
C00182,South,New,2024-08-07,2024-08,2024-05-04,2025-06-25,10,3896.32,1168.36
C00183,South,Returning,2024-03-27,2024-03,2024-03-08,2025-05-16,11,3513.66,1126.22
C00184,Northeast,New,2024-07-06,2024-07,2024-03-17,2025-05-14,9,3504.36,1220.09
C00185,South,Returning,2024-08-19,2024-08,2024-02-15,2025-06-11,13,4300.56,1351.07
C00186,West,Loyalty,2024-12-20,2024-12,2024-05-10,2025-06-12,8,4516.16,1210.52
C00187,West,New,2024-02-02,2024-02,2024-03-12,2025-04-21,7,2008.06,731.26
C00188,Midwest,Loyalty,2024-03-12,2024-03,2024-01-11,2025-05-05,11,4757.55,1604.51
C00189,Northeast,Returning,2024-02-12,2024-02,2024-03-05,2025-06-22,11,2595.13,880.48
C00190,Midwest,New,2024-04-13,2024-04,2024-06-16,2025-05-20,17,6105.56,2107.82
C00191,West,New,2024-09-10,2024-09,2024-08-13,2025-05-18,5,1970.24,595.88
C00192,South,Loyalty,2024-10-03,2024-10,2024-05-03,2025-05-27,12,4478.94,1433.78
C00193,Midwest,New,2024-06-22,2024-06,2024-02-04,2025-06-05,15,6820.14,2228.2
C00194,South,Loyalty,2024-06-24,2024-06,2024-03-12,2025-06-09,13,4862.85,1546.69
C00195,Midwest,New,2024-01-03,2024-01,2024-02-07,2025-01-17,11,3738.36,1248.72
C00196,Midwest,Returning,2024-01-26,2024-01,2024-04-06,2025-06-19,10,4116.29,1356.87
C00197,South,Returning,2024-12-01,2024-12,2024-01-04,2025-06-20,15,5755.87,1817.82
C00198,Northeast,Returning,2024-06-14,2024-06,2024-01-25,2025-06-27,11,3607.62,1155.22
C00199,Midwest,Returning,2024-05-12,2024-05,2024-01-24,2025-06-18,12,4155.36,1364.49
C00200,West,Returning,2024-04-07,2024-04,2024-02-07,2025-02-20,13,5414.15,1590.6
C00201,Midwest,Loyalty,2024-05-05,2024-05,2024-06-23,2025-04-25,10,5130.58,1469.64
C00202,Northeast,Loyalty,2024-08-22,2024-08,2024-01-09,2025-06-24,12,5063.88,1589.81
C00203,Midwest,New,2024-10-12,2024-10,2024-04-03,2025-06-17,15,3819.95,1228.46
C00204,South,New,2024-02-08,2024-02,2024-03-08,2025-06-27,13,3725.01,1304.05
C00205,Midwest,New,2024-10-19,2024-10,2024-01-15,2025-06-12,13,5892.62,1934.04
C00206,South,Loyalty,2024-07-27,2024-07,2024-01-26,2025-06-02,13,3854.11,1262.69
C00207,South,New,2024-01-18,2024-01,2024-01-07,2025-06-22,10,2267.94,801.2
C00208,Midwest,Returning,2024-07-17,2024-07,2024-02-13,2025-06-24,9,3555.21,1148.97
C00209,Midwest,Returning,2024-08-18,2024-08,2024-01-23,2025-05-20,17,6784.32,2249.74
C00210,South,Returning,2024-10-24,2024-10,2024-03-21,2025-03-24,6,2644.04,797.11
C00211,Midwest,New,2024-05-26,2024-05,2024-01-23,2025-03-21,12,5245.49,1707.79
C00212,South,New,2024-02-20,2024-02,2024-01-07,2025-06-27,22,8259.67,2810.57
C00213,West,New,2024-07-17,2024-07,2024-03-10,2025-06-07,12,5367.01,1650.66
C00214,South,Loyalty,2024-04-13,2024-04,2024-05-06,2025-06-10,9,2915.51,1016.48
C00215,South,New,2024-09-14,2024-09,2024-04-25,2025-06-02,9,2755.49,889.26
C00216,South,Returning,2024-10-22,2024-10,2024-05-08,2025-04-02,6,2561.25,906.02
C00217,West,New,2024-12-20,2024-12,2024-02-24,2024-12-26,14,3710.29,1305.08
C00218,West,New,2024-05-18,2024-05,2024-02-22,2025-06-04,8,3197.55,1114.46
C00219,Northeast,Returning,2024-01-23,2024-01,2024-04-07,2025-06-25,14,4982.44,1537.07
C00220,Midwest,Loyalty,2024-08-22,2024-08,2024-02-24,2025-04-10,10,3033.93,969.95
C00221,Northeast,Returning,2024-03-21,2024-03,2024-02-11,2025-06-17,12,6989.56,2040.9
C00222,South,Returning,2024-03-17,2024-03,2024-01-20,2025-05-24,9,4707.44,1507.9
C00223,South,New,2024-05-26,2024-05,2024-03-10,2025-06-25,10,2995.93,1116.6
C00224,West,New,2024-07-07,2024-07,2024-04-01,2025-03-20,6,1911.99,653.47
C00225,Midwest,New,2024-07-15,2024-07,2024-01-27,2025-05-23,17,5682.14,1859.99
C00226,West,New,2024-07-21,2024-07,2024-01-07,2025-06-02,12,4986.25,1461.88
C00227,West,New,2024-05-04,2024-05,2024-01-16,2025-05-26,12,2840.77,1002.36
C00228,South,New,2024-11-19,2024-11,2024-01-09,2025-05-10,13,5914.22,1937.47
C00229,South,Loyalty,2024-09-06,2024-09,2024-01-10,2025-06-11,16,4743.81,1576.97
C00230,South,New,2024-02-14,2024-02,2024-03-11,2025-05-24,9,3251.13,1036.56
C00231,Northeast,New,2024-05-16,2024-05,2024-06-19,2025-06-26,7,2623.06,905.78
C00232,South,New,2024-06-12,2024-06,2024-02-15,2025-06-22,9,4223.44,1360.64
C00233,Midwest,New,2024-05-07,2024-05,2024-03-26,2025-02-08,7,2969.12,973.07
C00234,West,Loyalty,2024-01-19,2024-01,2024-01-01,2025-06-22,10,4084.31,1334.75
C00235,Northeast,Returning,2024-12-13,2024-12,2024-04-06,2025-02-02,4,1457.1,477.09
C00236,South,Loyalty,2024-09-16,2024-09,2024-02-07,2025-06-10,9,3855.84,1210.95
C00237,Northeast,Loyalty,2024-05-21,2024-05,2024-07-02,2025-06-10,14,5719.77,1853.39
C00238,Northeast,Loyalty,2024-02-16,2024-02,2024-02-04,2025-06-11,13,5314.04,1601.32
C00239,Northeast,Loyalty,2024-07-21,2024-07,2024-03-27,2025-06-14,11,2252.48,797.16
C00240,South,New,2024-12-01,2024-12,2024-01-01,2025-04-16,9,4685.81,1408.66
C00241,South,Returning,2024-07-01,2024-07,2024-02-03,2025-05-01,8,4400.48,1299.9
C00242,Northeast,Loyalty,2024-04-08,2024-04,2024-03-05,2025-06-26,16,5183.64,1748.57
C00243,West,Loyalty,2024-11-26,2024-11,2024-01-05,2025-04-05,13,4485.02,1541.23
C00244,West,Loyalty,2024-09-11,2024-09,2024-04-22,2025-06-27,12,5077.88,1696.9
C00245,Midwest,Returning,2024-11-21,2024-11,2024-03-24,2025-05-02,13,3554.94,1170.78
C00246,South,Loyalty,2024-12-16,2024-12,2024-02-15,2025-06-05,12,4811.95,1478.6
C00247,Northeast,Loyalty,2024-05-13,2024-05,2024-01-09,2025-04-07,11,4436.1,1487.87
C00248,Midwest,Loyalty,2024-07-11,2024-07,2024-01-27,2025-06-19,14,3957.76,1291.87
C00249,West,New,2024-01-26,2024-01,2024-01-24,2025-06-15,10,3828.99,1228.09
C00250,Midwest,Loyalty,2024-12-10,2024-12,2024-03-13,2025-06-12,15,6188.35,2039.16
C00251,Midwest,Returning,2024-01-11,2024-01,2024-06-23,2025-04-23,11,4805.38,1537.43
C00252,Northeast,Returning,2024-04-08,2024-04,2024-03-02,2025-05-26,18,7805.6,2528.54
C00253,South,Returning,2024-05-06,2024-05,2024-03-13,2025-06-16,11,3232.36,1142.33
C00254,Northeast,Returning,2024-03-06,2024-03,2024-03-10,2025-06-06,13,6684.92,2245.97
C00255,Midwest,Loyalty,2024-03-27,2024-03,2024-04-15,2025-05-17,11,3717.9,1154.21
C00256,West,Loyalty,2024-01-03,2024-01,2024-04-26,2025-06-05,16,5307.19,1734.82
C00257,West,Loyalty,2024-10-07,2024-10,2024-03-03,2025-06-26,15,4791.63,1508.88
C00258,South,Loyalty,2024-06-17,2024-06,2024-05-16,2025-06-04,17,6387.43,2233.07
C00259,Northeast,Returning,2024-02-19,2024-02,2024-02-23,2025-02-23,14,5007.63,1571.19
C00260,South,Loyalty,2024-03-18,2024-03,2024-02-27,2025-05-26,12,3424.52,1145.43
C00261,West,Loyalty,2024-04-09,2024-04,2024-04-12,2025-06-27,11,4257.88,1341.9
C00262,Northeast,New,2024-05-25,2024-05,2024-02-01,2025-04-09,12,4759.13,1594.18
C00263,West,Returning,2024-11-09,2024-11,2024-01-05,2025-04-03,10,4541.43,1387.54
C00264,South,Loyalty,2024-08-23,2024-08,2024-01-24,2025-06-07,10,4244.97,1349.5
C00265,South,New,2024-07-15,2024-07,2024-04-06,2025-06-23,8,1742.31,515.71
C00266,Midwest,New,2024-02-05,2024-02,2024-05-03,2025-04-12,8,4237.74,1281.73
C00267,Northeast,New,2024-11-23,2024-11,2024-07-06,2025-06-01,6,2530.75,737.58
C00268,South,Loyalty,2024-03-21,2024-03,2024-01-12,2025-06-07,15,4965,1633.32
C00269,South,Returning,2024-12-20,2024-12,2024-02-04,2025-04-07,9,3103.33,1082.86
C00270,South,Loyalty,2024-04-26,2024-04,2024-06-05,2025-06-27,12,3246.45,1168.85
C00271,South,New,2024-02-05,2024-02,2024-03-10,2025-06-22,14,5349.47,1723.24
C00272,Northeast,Loyalty,2024-10-24,2024-10,2024-01-04,2025-04-19,11,4729.36,1445.87
C00273,South,New,2024-11-20,2024-11,2024-01-18,2025-06-16,13,5569.55,1893.65
C00274,West,Returning,2024-04-03,2024-04,2024-02-03,2025-06-12,15,4610.52,1475.49
C00275,West,Returning,2024-03-16,2024-03,2024-04-03,2025-06-17,13,4532.01,1511.17
C00276,South,New,2024-03-22,2024-03,2024-01-13,2025-03-23,11,3157.62,1173.97
C00277,West,Returning,2024-01-20,2024-01,2024-06-22,2025-06-27,15,5771.69,1770.44
C00278,Midwest,New,2024-09-13,2024-09,2024-01-25,2025-05-12,13,4227.15,1350.98
C00279,South,Loyalty,2024-09-17,2024-09,2024-01-09,2025-06-11,13,3820.22,1135.92
C00280,Northeast,Loyalty,2024-06-26,2024-06,2024-05-07,2025-06-06,14,5379.97,1836.97
C00281,West,New,2024-10-05,2024-10,2024-04-17,2025-06-17,10,3899.38,1333.81
C00282,South,Returning,2024-02-03,2024-02,2024-04-06,2025-04-10,12,3251.17,1177.79
C00283,Midwest,Returning,2024-01-02,2024-01,2024-03-07,2025-06-14,10,3753.64,1179.21
C00284,Northeast,New,2024-05-15,2024-05,2024-02-05,2025-06-08,9,2446.22,893.24
C00285,Northeast,Loyalty,2024-02-27,2024-02,2024-01-07,2025-05-22,14,5585.4,1786.94
C00286,South,Returning,2024-01-16,2024-01,2024-07-12,2025-06-22,9,2223.02,733.14
C00287,West,Loyalty,2024-11-02,2024-11,2024-01-13,2025-06-21,11,3059.67,1100.56
C00288,Midwest,Returning,2024-04-05,2024-04,2024-03-06,2025-05-27,13,4532.05,1567.17
C00289,Northeast,Loyalty,2024-09-16,2024-09,2024-02-19,2025-04-22,16,6603.46,2094.74
C00290,Northeast,Returning,2024-05-18,2024-05,2024-06-02,2025-04-20,13,5448.92,1563.27
C00291,Northeast,Returning,2024-01-27,2024-01,2024-03-23,2025-04-12,11,2140.86,721.56
C00292,South,Returning,2024-05-27,2024-05,2024-01-27,2025-06-27,12,4333.96,1580.82
C00293,Midwest,Loyalty,2024-04-25,2024-04,2024-01-15,2025-05-20,10,3445.75,1009.11
C00294,Midwest,New,2024-05-05,2024-05,2024-05-16,2025-06-06,12,4515.18,1547.4
C00295,West,New,2024-11-19,2024-11,2024-05-18,2025-06-22,11,3512.84,1124.63
C00296,Midwest,Returning,2024-09-03,2024-09,2024-06-21,2025-06-03,13,5504.53,1828.41
C00297,Northeast,New,2024-04-27,2024-04,2024-01-24,2025-06-09,15,5127.57,1669.34
C00298,West,New,2024-12-17,2024-12,2024-02-05,2025-03-09,5,1730.65,640.33
C00299,Midwest,Loyalty,2024-12-09,2024-12,2024-02-07,2025-06-07,18,5494.47,1729.64
C00300,West,New,2024-01-18,2024-01,2024-02-05,2025-05-18,10,2349.91,786.08
C00301,South,New,2024-12-10,2024-12,2024-01-26,2025-05-14,11,3600.16,1334.43
C00302,Northeast,Returning,2024-06-22,2024-06,2024-01-03,2024-12-15,13,3719.43,1249.88
C00303,Northeast,New,2024-06-14,2024-06,2024-01-03,2025-05-04,7,2103.24,642.03
C00304,South,Loyalty,2024-08-09,2024-08,2024-01-13,2025-05-23,10,3838.62,1369.06
C00305,Midwest,Loyalty,2024-07-16,2024-07,2024-04-19,2025-06-27,6,3361.54,1116.34
C00306,South,Returning,2024-06-13,2024-06,2024-01-14,2025-05-06,10,2138.28,713.54
C00307,South,Returning,2024-12-14,2024-12,2024-02-14,2025-06-11,9,4168.49,1306.69
C00308,West,New,2024-09-16,2024-09,2024-05-14,2025-06-18,9,5413.34,1610.81
C00309,Midwest,Returning,2024-03-12,2024-03,2024-02-08,2025-03-20,9,3930.76,1216.02
C00310,Midwest,New,2024-09-18,2024-09,2024-01-02,2025-06-15,17,7271.19,2301.32
C00311,South,Loyalty,2024-09-25,2024-09,2024-02-16,2025-06-12,12,4984.32,1432.87
C00312,Midwest,New,2024-11-21,2024-11,2024-02-12,2025-06-22,9,3968.67,1370.83
C00313,Northeast,New,2024-05-22,2024-05,2024-02-10,2025-06-07,18,6726.52,2294.59
C00314,Midwest,New,2024-02-21,2024-02,2024-04-08,2025-04-09,11,4053.78,1291.9
C00315,South,Returning,2024-05-21,2024-05,2024-04-27,2025-05-07,14,4830.92,1515.99
C00316,South,New,2024-06-07,2024-06,2024-04-13,2025-06-06,14,5642.07,1746.19
C00317,South,Returning,2024-01-12,2024-01,2024-06-21,2025-06-24,8,2954.06,884.31
C00318,West,Loyalty,2024-07-06,2024-07,2024-02-22,2025-06-20,10,4643.91,1460.64
C00319,Midwest,Loyalty,2024-06-06,2024-06,2024-01-14,2025-06-05,14,5759.85,1752.58
C00320,South,Loyalty,2024-05-03,2024-05,2024-02-05,2025-06-12,11,4106.89,1354.51
C00321,South,Returning,2024-04-22,2024-04,2024-02-01,2025-06-27,11,4347.84,1444.79
C00322,West,New,2024-03-04,2024-03,2024-05-18,2025-01-16,7,2658.89,904.73
C00323,Midwest,New,2024-08-25,2024-08,2024-01-16,2025-06-25,8,3028.68,919.06
C00324,Midwest,Loyalty,2024-09-05,2024-09,2024-04-15,2025-03-25,10,3216.21,1074.2
C00325,Midwest,New,2024-10-18,2024-10,2024-01-01,2025-05-25,13,4494.3,1340.5
C00326,Northeast,Returning,2024-11-26,2024-11,2024-02-15,2025-05-17,8,3471.96,1054.17
C00327,South,New,2024-06-20,2024-06,2024-02-26,2025-04-22,15,4744.25,1529.24
C00328,West,New,2024-06-12,2024-06,2024-04-25,2025-06-09,9,3361.95,1124.19
C00329,Northeast,New,2024-05-01,2024-05,2024-03-05,2025-06-11,8,1724.15,577.53
C00330,Midwest,New,2024-04-03,2024-04,2024-01-21,2025-04-17,15,3638.13,1259.35
C00331,Northeast,New,2024-05-15,2024-05,2024-01-21,2025-06-24,16,6395.06,2161.97
C00332,Midwest,Returning,2024-04-02,2024-04,2024-04-14,2025-06-19,13,5211.7,1623.55
C00333,South,Returning,2024-04-22,2024-04,2024-01-05,2025-06-11,8,3039.06,955.4
C00334,South,Loyalty,2024-01-04,2024-01,2024-03-07,2025-03-16,11,3791.33,1217.65
C00335,Northeast,Loyalty,2024-03-10,2024-03,2024-02-14,2025-05-21,14,6702.13,2343.68
C00336,Northeast,Returning,2024-03-15,2024-03,2024-01-14,2025-04-24,11,3746.65,1315.93
C00337,Northeast,Loyalty,2024-09-10,2024-09,2024-01-27,2025-06-05,15,5482.3,1780.14
C00338,South,Returning,2024-03-08,2024-03,2024-02-18,2025-06-22,18,6416.85,2200.17
C00339,Midwest,Returning,2024-11-21,2024-11,2024-03-12,2025-02-24,10,4761.48,1595.9
C00340,Northeast,Loyalty,2024-02-27,2024-02,2024-01-20,2025-06-16,18,5793.65,1928.36
C00341,West,Returning,2024-10-06,2024-10,2024-01-05,2025-06-21,14,6383.93,1915.01
C00342,Midwest,New,2024-04-18,2024-04,2024-02-07,2025-06-07,9,3755.58,1202.44
C00343,South,New,2024-09-24,2024-09,2024-06-03,2025-05-16,6,1528.44,512.2
C00344,Northeast,New,2024-07-12,2024-07,2024-03-10,2025-06-11,12,5139.84,1715.87
C00345,Northeast,New,2024-06-16,2024-06,2024-03-05,2025-05-27,11,3604.48,1151.23
C00346,Midwest,Returning,2024-01-03,2024-01,2024-02-16,2025-05-25,14,3952.85,1364.72
C00347,Northeast,Loyalty,2024-02-12,2024-02,2024-04-18,2025-06-27,15,4985.44,1567.34
C00348,South,Loyalty,2024-04-15,2024-04,2024-02-12,2025-06-24,12,4573.95,1449.03
C00349,West,Loyalty,2024-10-27,2024-10,2024-01-13,2025-06-07,11,3247.9,1044.52
C00350,West,New,2024-12-16,2024-12,2024-01-04,2025-06-12,14,4878.12,1548.65
C00351,West,New,2024-05-17,2024-05,2024-06-07,2025-06-21,10,3493.78,1011.58
C00352,South,Returning,2024-11-22,2024-11,2024-02-25,2025-06-19,12,3972.93,1316.49
C00353,South,Loyalty,2024-07-15,2024-07,2024-02-25,2025-06-21,9,3817.17,1270.45
C00354,Northeast,Returning,2024-12-21,2024-12,2024-06-06,2025-06-12,14,5681.61,1812.33
C00355,Northeast,New,2024-06-16,2024-06,2024-01-08,2025-06-03,7,3424.38,1089.83
C00356,Northeast,New,2024-06-08,2024-06,2024-02-01,2025-06-23,11,3215.13,1012.15
C00357,West,New,2024-02-07,2024-02,2024-01-11,2025-06-03,17,5658.06,1821.86
C00358,South,New,2024-11-25,2024-11,2024-02-02,2025-05-11,9,4389.85,1434.04
C00359,Midwest,Loyalty,2024-02-19,2024-02,2024-03-21,2025-06-01,8,3076.5,1091.01
C00360,Midwest,Loyalty,2024-02-25,2024-02,2024-02-04,2025-03-27,9,3376.79,1013.44
C00361,Northeast,New,2024-07-01,2024-07,2024-01-22,2025-06-25,11,3736.31,1271.26
C00362,South,Loyalty,2024-07-07,2024-07,2024-01-13,2025-05-04,9,3595.41,1038.82
C00363,Northeast,Returning,2024-12-21,2024-12,2024-03-13,2025-06-24,13,5216.33,1652.51
C00364,Midwest,Loyalty,2024-10-24,2024-10,2024-01-02,2025-04-07,11,4181.2,1439.73
C00365,Midwest,Loyalty,2024-10-20,2024-10,2024-02-08,2025-06-21,10,4025.06,1205.92
C00366,Northeast,New,2024-05-07,2024-05,2024-02-21,2025-06-22,12,4696,1575.37
C00367,Northeast,Loyalty,2024-05-27,2024-05,2024-01-15,2025-04-05,11,4552.2,1471.78
C00368,Northeast,Loyalty,2024-11-02,2024-11,2024-01-13,2025-05-16,13,4939.77,1648.25
C00369,South,Returning,2024-11-12,2024-11,2024-04-25,2025-06-27,13,4388.3,1450.17
C00370,Midwest,Loyalty,2024-07-12,2024-07,2024-03-27,2025-06-21,11,4388.22,1479.52
C00371,South,New,2024-05-07,2024-05,2024-01-02,2025-06-27,11,5312.57,1713.64
C00372,Midwest,Returning,2024-01-19,2024-01,2024-02-14,2025-06-07,8,1670.15,561.1
C00373,Midwest,Returning,2024-04-11,2024-04,2024-02-26,2025-02-18,5,1771.23,620.43
C00374,West,Loyalty,2024-06-26,2024-06,2024-01-27,2025-03-22,12,3354.8,1118.35
C00375,West,Returning,2024-07-12,2024-07,2024-03-01,2025-05-04,8,2825.32,984.81
C00376,South,New,2024-06-18,2024-06,2024-02-19,2025-04-27,10,2390.63,782.25
C00377,South,Loyalty,2024-10-14,2024-10,2024-04-06,2025-06-25,15,7849.16,2527.73
C00378,Northeast,Loyalty,2024-12-25,2024-12,2024-02-07,2025-06-10,8,3136.56,1099.27
C00379,West,Loyalty,2024-03-02,2024-03,2024-02-06,2025-02-19,11,4923.83,1500.59
C00380,West,New,2024-08-11,2024-08,2024-02-09,2025-06-08,13,4241.49,1355.09
C00381,South,Returning,2024-11-10,2024-11,2024-02-14,2025-06-10,10,3631.16,1144.44
C00382,West,New,2024-11-15,2024-11,2024-02-01,2025-06-05,12,4890.57,1555.95
C00383,South,Returning,2024-08-10,2024-08,2024-04-09,2025-06-11,7,3138.77,983.62
C00384,West,Loyalty,2024-11-14,2024-11,2024-05-21,2025-06-26,10,4504.6,1513.49
C00385,South,Returning,2024-09-03,2024-09,2024-02-10,2025-06-12,10,3135.82,1076.78
C00386,West,Loyalty,2024-05-12,2024-05,2024-01-20,2025-06-23,10,3691.09,1359.47
C00387,South,Loyalty,2024-09-18,2024-09,2024-02-11,2025-05-21,13,5276.12,1559.44
C00388,Northeast,Loyalty,2024-10-15,2024-10,2024-02-03,2025-05-18,8,1605.28,538.93
C00389,Midwest,Loyalty,2024-07-15,2024-07,2024-08-09,2025-06-18,9,2879.64,906.82
C00390,West,Loyalty,2024-11-03,2024-11,2024-01-25,2025-06-06,18,7107.43,2359.16
C00391,Northeast,Loyalty,2024-08-25,2024-08,2024-04-03,2025-03-27,10,2916.85,959.64
C00392,Midwest,Loyalty,2024-02-08,2024-02,2024-07-20,2025-06-13,14,7452.94,2300.73
C00393,West,Loyalty,2024-02-18,2024-02,2024-01-09,2025-05-08,8,3387,1036.93
C00394,Midwest,New,2024-04-11,2024-04,2024-01-08,2025-06-18,16,4717.25,1496.51
C00395,West,New,2024-02-14,2024-02,2024-02-18,2025-06-21,13,4473.75,1409.06
C00396,Midwest,Returning,2024-07-05,2024-07,2024-02-09,2025-06-24,13,5240.02,1777.27
C00397,Northeast,Loyalty,2024-09-09,2024-09,2024-03-14,2025-06-26,14,6068.86,2005.48
C00398,Northeast,Returning,2024-02-14,2024-02,2024-01-19,2025-01-15,8,2673.42,895.63
C00399,South,Returning,2024-06-05,2024-06,2024-04-22,2025-05-27,12,3076.49,940.19
C00400,Midwest,Loyalty,2024-12-02,2024-12,2024-06-01,2025-05-27,8,4608.42,1418.38
C00401,Midwest,Loyalty,2024-01-02,2024-01,2024-02-22,2024-10-25,6,2409.39,785.06
C00402,West,Returning,2024-04-23,2024-04,2024-02-04,2025-06-19,15,5634.14,1808.34
C00403,West,Returning,2024-01-20,2024-01,2024-02-01,2025-06-09,11,3493.05,1138.07
C00404,West,Loyalty,2024-08-07,2024-08,2024-01-14,2025-06-03,19,8485.6,2470.76
C00405,West,Returning,2024-03-05,2024-03,2024-02-25,2025-05-04,12,3183.25,1025.89
C00406,Northeast,New,2024-02-21,2024-02,2024-03-18,2025-06-03,10,4215.91,1503.78
C00407,Midwest,New,2024-04-12,2024-04,2024-02-20,2025-03-02,14,5388.87,1834.52
C00408,South,New,2024-11-14,2024-11,2024-01-24,2025-05-01,12,4515.5,1472.9
C00409,Northeast,New,2024-07-15,2024-07,2024-02-22,2025-06-13,10,3963.98,1246.57
C00410,South,New,2024-12-07,2024-12,2024-01-17,2025-06-10,11,5261.68,1648.18
C00411,South,Loyalty,2024-04-11,2024-04,2024-05-03,2025-05-22,9,2571.94,876.56
C00412,West,Returning,2024-09-25,2024-09,2024-03-22,2025-06-25,11,3206.6,1168.28
C00413,Midwest,New,2024-10-16,2024-10,2024-02-26,2025-04-27,5,2561.08,808.5
C00414,Northeast,Returning,2024-10-20,2024-10,2024-01-27,2025-05-12,12,4221.97,1437.86
C00415,South,Loyalty,2024-05-21,2024-05,2024-04-12,2025-06-26,11,4414.43,1510.82
C00416,Midwest,Returning,2024-06-27,2024-06,2024-01-01,2025-06-18,10,3270.54,1072.77
C00417,South,Returning,2024-01-14,2024-01,2024-03-22,2025-01-20,8,3972.88,1252.18
C00418,Northeast,Returning,2024-01-15,2024-01,2024-03-17,2025-06-25,10,3616.2,1139.3
C00419,South,New,2024-08-08,2024-08,2024-04-02,2025-06-13,10,5325.78,1574.71
C00420,West,New,2024-08-07,2024-08,2024-01-22,2025-04-26,18,6570.55,2339.47
C00421,Northeast,Loyalty,2024-11-02,2024-11,2024-03-26,2025-02-24,11,6152.89,1966.94
C00422,West,New,2024-04-04,2024-04,2024-01-04,2025-04-02,10,2756.52,900.62
C00423,Midwest,Loyalty,2024-09-25,2024-09,2024-03-12,2025-06-13,10,5622.39,1578.33
C00424,Midwest,New,2024-03-19,2024-03,2024-02-15,2025-03-08,9,3745.81,1150.16
C00425,West,New,2024-02-22,2024-02,2024-01-05,2025-05-16,10,3300.26,1015.65
C00426,Midwest,Loyalty,2024-05-07,2024-05,2024-01-18,2025-06-26,14,5114.72,1637.89
C00427,West,Loyalty,2024-10-13,2024-10,2024-02-14,2025-02-19,9,2358.18,809.02
C00428,Northeast,Returning,2024-04-09,2024-04,2024-02-20,2025-05-20,11,3736.3,1099.1
C00429,South,Loyalty,2024-12-16,2024-12,2024-01-14,2025-06-04,14,5823.78,1880.72
C00430,Northeast,New,2024-07-23,2024-07,2024-01-07,2025-06-01,12,4317.76,1522.95
C00431,Midwest,Loyalty,2024-01-13,2024-01,2024-02-18,2025-06-20,7,2544.32,777.82
C00432,Northeast,Returning,2024-01-01,2024-01,2024-02-09,2025-06-08,8,3890.56,1199.69
C00433,Northeast,Returning,2024-06-02,2024-06,2024-08-26,2025-05-07,7,1903.87,647.43
C00434,Northeast,Loyalty,2024-07-06,2024-07,2024-03-01,2025-05-26,14,6150.06,2001.96
C00435,Northeast,Returning,2024-10-27,2024-10,2024-03-16,2025-06-11,14,5274.48,1683.26
C00436,Midwest,Loyalty,2024-02-12,2024-02,2024-02-27,2025-06-23,7,2812.62,992.93
C00437,Northeast,Returning,2024-06-13,2024-06,2024-01-24,2025-06-15,10,3362.46,1096.33
C00438,Northeast,New,2024-02-25,2024-02,2024-01-24,2025-05-25,19,6401.56,2114.44
C00439,Midwest,Returning,2024-01-20,2024-01,2024-01-07,2025-06-14,10,4564.71,1389.9
C00440,West,Loyalty,2024-01-19,2024-01,2024-01-21,2025-06-25,16,6558.52,2125.33
C00441,Northeast,New,2024-12-14,2024-12,2024-02-02,2025-06-26,12,4222.3,1295.93
C00442,Northeast,New,2024-12-08,2024-12,2024-02-26,2025-06-11,10,3329.28,1189.1
C00443,West,Loyalty,2024-07-21,2024-07,2024-09-05,2025-05-13,9,4194.29,1401.25
C00444,Midwest,Loyalty,2024-06-08,2024-06,2024-02-11,2025-05-06,12,4056.8,1276.85
C00445,Midwest,Loyalty,2024-01-10,2024-01,2024-03-08,2025-05-26,23,9139.39,2849.22
C00446,Northeast,New,2024-12-02,2024-12,2024-02-10,2025-06-11,13,3611.99,1193.28
C00447,South,New,2024-04-06,2024-04,2024-01-26,2025-06-08,10,3582.74,1341.07
C00448,Northeast,New,2024-01-23,2024-01,2024-03-04,2025-05-25,11,4458.1,1463.87
C00449,South,Returning,2024-04-07,2024-04,2024-02-17,2025-06-20,13,4416.6,1469.51
C00450,Northeast,Returning,2024-10-13,2024-10,2024-02-17,2025-04-27,8,2748.24,913.31
C00451,Northeast,Returning,2024-12-23,2024-12,2024-03-19,2025-06-25,11,3665.64,1234.05
C00452,West,Loyalty,2024-03-06,2024-03,2024-09-11,2025-06-08,7,2861.8,1007.7
C00453,South,Returning,2024-07-23,2024-07,2024-02-12,2025-06-10,7,2918.6,887.66
C00454,South,New,2024-05-15,2024-05,2024-02-01,2025-06-12,10,3919.22,1215.58
C00455,Northeast,Returning,2024-11-02,2024-11,2024-02-01,2024-12-08,11,5073.14,1749.59
C00456,West,Returning,2024-04-13,2024-04,2024-07-16,2025-06-15,9,3748.55,1096.07
C00457,Northeast,New,2024-11-16,2024-11,2024-03-15,2025-05-04,15,5350.36,1674.49
C00458,Northeast,Loyalty,2024-08-27,2024-08,2024-01-03,2025-05-06,11,2896.01,1000.44
C00459,South,Returning,2024-03-15,2024-03,2024-05-15,2025-06-12,7,2781.16,843.24
C00460,West,Returning,2024-10-01,2024-10,2024-03-06,2025-05-23,17,6774.72,2076.36
C00461,Northeast,Loyalty,2024-03-22,2024-03,2024-04-11,2025-06-11,11,3727.98,1367.51
C00462,West,Loyalty,2024-08-22,2024-08,2024-01-24,2025-06-27,11,4459.58,1516
C00463,West,New,2024-08-08,2024-08,2024-01-21,2025-06-08,14,4097.17,1282.93
C00464,South,Returning,2024-07-16,2024-07,2024-05-24,2025-06-06,10,5862.6,1748.05
C00465,Midwest,Returning,2024-06-01,2024-06,2024-02-06,2025-06-09,7,2171.31,673.47
C00466,West,Returning,2024-05-21,2024-05,2024-02-24,2025-03-26,10,3061.58,1048.36
C00467,West,Returning,2024-12-06,2024-12,2024-02-05,2025-05-10,11,2496.39,918.9
C00468,Midwest,Loyalty,2024-04-12,2024-04,2024-01-05,2025-06-19,10,2671.92,894.37
C00469,Midwest,New,2024-07-26,2024-07,2024-01-24,2025-05-19,18,8803.93,2753.07
C00470,South,Loyalty,2024-12-26,2024-12,2024-02-25,2025-05-03,14,5809.33,1790.58
C00471,South,Returning,2024-02-05,2024-02,2024-01-08,2025-03-03,15,5459.15,1991.62
C00472,West,Loyalty,2024-06-10,2024-06,2024-03-10,2025-05-12,8,3129.05,1015.09
C00473,South,Loyalty,2024-10-20,2024-10,2024-01-10,2025-03-21,13,4486.31,1420.04
C00474,South,Loyalty,2024-11-12,2024-11,2024-05-26,2025-06-07,6,2181.06,757.59
C00475,Midwest,Returning,2024-10-19,2024-10,2024-02-12,2025-05-09,16,4528.83,1545.6
C00476,West,Loyalty,2024-02-02,2024-02,2024-01-14,2025-05-27,13,5425.51,1600.02
C00477,West,Returning,2024-06-25,2024-06,2024-01-06,2025-04-08,12,4741.76,1522.56
C00478,Northeast,Returning,2024-12-22,2024-12,2024-02-05,2025-06-26,8,3226.3,1060.6
C00479,Midwest,Loyalty,2024-04-15,2024-04,2024-05-04,2025-06-23,9,2863,961.02
C00480,West,Returning,2024-05-26,2024-05,2024-02-07,2025-06-15,14,3724.12,1200.87
C00481,West,Returning,2024-04-21,2024-04,2024-04-17,2025-06-24,13,4964.72,1573.91
C00482,West,New,2024-04-07,2024-04,2024-11-02,2025-05-25,4,1349.44,380.59
C00483,Midwest,New,2024-11-26,2024-11,2024-01-27,2025-06-03,9,2188.44,711.06
C00484,Northeast,Returning,2024-05-18,2024-05,2024-03-26,2025-02-25,9,3008.01,957.07
C00485,South,Loyalty,2024-03-13,2024-03,2024-01-17,2025-04-08,13,3063.91,1076.04
C00486,Midwest,Returning,2024-03-25,2024-03,2024-05-21,2025-06-23,11,4370.23,1482.71
C00487,West,New,2024-06-11,2024-06,2024-04-27,2025-06-22,9,4802.93,1409
C00488,South,Loyalty,2024-04-13,2024-04,2024-02-14,2025-05-26,14,5923.34,1943.35
C00489,Midwest,Returning,2024-02-26,2024-02,2024-01-06,2025-06-22,15,4972.89,1611.79
C00490,Northeast,Loyalty,2024-11-12,2024-11,2024-10-08,2025-04-13,7,1844.01,686.41
C00491,West,Returning,2024-01-15,2024-01,2024-02-15,2025-06-23,8,3244.15,1077.37
C00492,Northeast,Returning,2024-12-16,2024-12,2024-01-11,2025-06-26,13,4212.38,1488.17
C00493,Northeast,New,2024-01-24,2024-01,2024-05-08,2025-06-16,15,5071.7,1717.7
C00494,West,New,2024-05-19,2024-05,2024-01-18,2025-06-06,11,4997.5,1604.42
C00495,Northeast,Returning,2024-12-27,2024-12,2024-07-03,2025-02-22,7,2183.37,760.09
C00496,West,Returning,2024-05-04,2024-05,2024-07-05,2025-05-27,12,4893.98,1604.84
C00497,Midwest,New,2024-06-08,2024-06,2024-05-04,2025-06-11,14,5497.17,1800.01
C00498,Northeast,Loyalty,2024-09-07,2024-09,2024-01-26,2025-01-24,8,3358.53,1151.77
C00499,West,Loyalty,2024-10-24,2024-10,2024-02-04,2025-04-15,10,4535.61,1363.09
C00500,South,Returning,2024-11-12,2024-11,2024-01-27,2025-06-09,11,4525.52,1456.23
C00501,Northeast,Returning,2024-01-02,2024-01,2024-01-26,2025-05-18,20,9195.73,3106.98
C00502,South,Loyalty,2024-01-06,2024-01,2024-01-16,2025-02-11,12,4771.33,1614.2
C00503,South,New,2024-02-20,2024-02,2024-04-24,2025-06-13,11,3449.36,1226.49
C00504,West,Returning,2024-01-15,2024-01,2024-02-03,2025-06-23,13,3352.38,1061.18
C00505,Midwest,New,2024-12-26,2024-12,2024-08-18,2025-05-18,6,1435.01,454.38
C00506,Northeast,Loyalty,2024-07-15,2024-07,2024-01-15,2025-06-22,22,8543.03,2797.68
C00507,Midwest,Returning,2024-11-07,2024-11,2024-02-03,2025-06-20,9,4379.15,1305.75
C00508,West,New,2024-06-24,2024-06,2024-01-16,2025-03-25,13,4986.97,1595.72
C00509,Northeast,Loyalty,2024-05-04,2024-05,2024-01-15,2025-06-06,14,4770.78,1665.98
C00510,West,Returning,2024-03-26,2024-03,2024-05-10,2025-05-08,11,3570.37,1163.11
C00511,Northeast,Loyalty,2024-09-27,2024-09,2024-02-06,2025-06-24,8,4032.78,1259.34
C00512,Midwest,Returning,2024-02-10,2024-02,2024-03-25,2025-05-25,11,4222.51,1426.47
C00513,Midwest,New,2024-07-06,2024-07,2024-04-25,2025-04-23,8,2451.88,824.05
C00514,Northeast,New,2024-04-17,2024-04,2024-02-14,2025-06-12,15,6511.19,1945.99
C00515,Midwest,Returning,2024-06-20,2024-06,2024-01-15,2025-02-25,17,5398.95,1722.36
C00516,Midwest,Loyalty,2024-04-10,2024-04,2024-01-07,2025-05-27,9,4055.45,1159.63
C00517,Midwest,Loyalty,2024-10-26,2024-10,2024-01-08,2025-06-12,13,4051.34,1420.81
C00518,South,Loyalty,2024-06-24,2024-06,2024-04-25,2025-06-08,4,1308.82,481.68
C00519,South,Returning,2024-03-20,2024-03,2024-01-03,2025-04-07,14,3531.89,1158.67
C00520,West,Returning,2024-10-15,2024-10,2024-01-06,2025-05-05,11,4719.73,1516.92
C00521,West,Returning,2024-04-01,2024-04,2024-02-22,2025-06-05,9,2550.69,883.69
C00522,Midwest,New,2024-06-07,2024-06,2024-02-27,2025-06-12,9,3470.39,1085.17
C00523,Midwest,Returning,2024-04-20,2024-04,2024-01-06,2025-02-08,9,3676.34,1059.41
C00524,Midwest,Loyalty,2024-01-16,2024-01,2024-01-10,2025-04-08,9,4077.27,1320.35
C00525,West,Loyalty,2024-01-12,2024-01,2024-03-24,2025-06-15,11,3396.43,1194.47
C00526,West,New,2024-12-23,2024-12,2024-01-15,2025-04-02,10,3814.63,1289.07
C00527,Midwest,Loyalty,2024-05-08,2024-05,2024-05-12,2025-06-17,12,5230.72,1605.73
C00528,Northeast,Loyalty,2024-04-12,2024-04,2024-03-16,2025-05-25,11,3589.86,1215.85
C00529,Midwest,Loyalty,2024-03-21,2024-03,2024-11-27,2025-05-11,6,2237.44,730.92
C00530,South,Loyalty,2024-07-01,2024-07,2024-01-22,2025-05-27,8,2940.01,925.46
C00531,Midwest,New,2024-03-04,2024-03,2024-02-10,2025-04-03,8,2605.99,807.56
C00532,Northeast,Returning,2024-02-12,2024-02,2024-02-24,2025-05-25,7,2443.51,721.44
C00533,South,New,2024-09-18,2024-09,2024-01-08,2025-06-12,22,7964.85,2536.78
C00534,Midwest,New,2024-07-18,2024-07,2024-03-05,2025-04-18,12,4233.02,1248.24
C00535,Northeast,New,2024-11-23,2024-11,2024-01-09,2025-05-04,12,4916.97,1619.21
C00536,South,New,2024-04-05,2024-04,2024-04-21,2025-06-23,14,5680.35,1751.01
C00537,Northeast,New,2024-07-27,2024-07,2024-03-04,2025-05-10,17,7278.58,2317.4
C00538,Northeast,Returning,2024-02-06,2024-02,2024-01-12,2025-05-03,10,2989.75,997.81
C00539,South,Returning,2024-12-18,2024-12,2024-01-26,2025-05-16,9,2814.19,986.23
C00540,Midwest,Loyalty,2024-08-03,2024-08,2024-03-15,2025-02-26,10,3733.03,1303.02
C00541,West,New,2024-08-01,2024-08,2024-01-06,2025-06-20,15,6220.73,1860.94
C00542,Midwest,Loyalty,2024-06-06,2024-06,2024-01-23,2025-05-08,13,4329.66,1426.17
C00543,South,Returning,2024-12-05,2024-12,2024-01-06,2025-06-14,13,4668.34,1720.07
C00544,Northeast,New,2024-02-23,2024-02,2024-09-01,2025-06-14,11,5278.69,1663.74
C00545,Northeast,New,2024-09-24,2024-09,2024-06-09,2025-04-09,7,3453.13,1159.7
C00546,West,New,2024-12-23,2024-12,2024-01-03,2024-09-21,7,2862.67,904.79
C00547,West,New,2024-11-11,2024-11,2024-04-18,2025-05-27,19,6934.61,2228.78
C00548,South,New,2024-05-16,2024-05,2024-01-04,2025-05-06,12,3965.89,1288.61
C00549,Midwest,Returning,2024-11-26,2024-11,2024-02-10,2025-03-03,11,3386.18,1124.98
C00550,West,Loyalty,2024-11-12,2024-11,2024-01-08,2025-06-16,15,5380.73,1643.26
C00551,South,New,2024-03-18,2024-03,2024-01-03,2024-09-05,6,1500.5,528.43
C00552,South,New,2024-09-21,2024-09,2024-02-20,2025-06-27,16,5487.98,1801.53
C00553,West,New,2024-07-02,2024-07,2024-01-11,2025-02-20,13,5395.63,1730.4
C00554,Northeast,Loyalty,2024-06-23,2024-06,2024-02-14,2025-06-23,17,5775.93,1955.45
C00555,Northeast,Returning,2024-07-14,2024-07,2024-01-26,2024-12-21,5,1339.99,439.19
C00556,West,Returning,2024-06-12,2024-06,2024-02-26,2025-05-24,16,5749,1823.88
C00557,Midwest,New,2024-04-27,2024-04,2024-01-06,2025-06-21,8,3377.71,1099.36
C00558,West,Returning,2024-09-15,2024-09,2024-02-19,2025-06-16,19,6809.45,2145.1
C00559,Midwest,Returning,2024-10-25,2024-10,2024-01-19,2025-06-23,16,5958.3,1986.72
C00560,South,Returning,2024-07-15,2024-07,2024-02-14,2025-05-21,9,3315.98,1032.52
C00561,West,Loyalty,2024-04-16,2024-04,2024-04-12,2024-11-19,7,1452.15,479.58
C00562,Midwest,Returning,2024-05-19,2024-05,2024-01-21,2025-06-12,9,3545.39,1072.87
C00563,Midwest,Returning,2024-01-09,2024-01,2024-02-22,2025-06-24,11,3828.14,1284.41
C00564,Northeast,Returning,2024-04-22,2024-04,2024-02-06,2025-04-18,11,3905.89,1188.87
C00565,Midwest,Returning,2024-05-03,2024-05,2024-07-02,2025-06-21,11,3203.86,1051.44
C00566,South,Loyalty,2024-08-20,2024-08,2024-01-21,2025-05-17,10,4081.53,1431.75
C00567,West,Loyalty,2024-06-19,2024-06,2024-04-09,2025-05-24,12,4340.89,1471.68
C00568,Midwest,New,2024-02-05,2024-02,2024-02-17,2025-06-20,12,3539.37,1161.37
C00569,West,Returning,2024-09-25,2024-09,2024-10-08,2025-06-09,6,2304.27,685.73
C00570,West,New,2024-06-07,2024-06,2024-02-20,2025-06-09,16,6293.45,2081.06
C00571,South,Loyalty,2024-07-26,2024-07,2024-01-06,2025-06-02,8,4081.89,1460.9
C00572,West,New,2024-07-06,2024-07,2024-01-02,2025-05-16,15,5282.46,1753.95
C00573,Midwest,New,2024-06-06,2024-06,2024-01-01,2025-06-13,11,4271.51,1299.07
C00574,South,Returning,2024-07-21,2024-07,2024-02-08,2025-06-21,14,4121.6,1414.68
C00575,West,Loyalty,2024-10-03,2024-10,2024-01-07,2025-01-18,11,4100.94,1464.53
C00576,South,Returning,2024-07-23,2024-07,2024-02-16,2024-11-06,5,1674.07,604.65
C00577,Northeast,Loyalty,2024-10-18,2024-10,2024-02-22,2025-06-24,10,4126.91,1351.31
C00578,Midwest,New,2024-10-08,2024-10,2024-01-17,2025-06-22,16,5868.02,1869.24
C00579,Midwest,Loyalty,2024-09-24,2024-09,2024-04-02,2025-04-19,4,1197.03,429.56
C00580,South,New,2024-03-14,2024-03,2024-02-08,2025-06-27,12,4210.27,1316.63
C00581,Midwest,New,2024-02-25,2024-02,2024-01-01,2025-05-21,14,5303.57,1726.83
C00582,Midwest,New,2024-05-03,2024-05,2024-01-10,2025-05-07,11,4282.19,1413.35
C00583,Midwest,New,2024-10-15,2024-10,2024-01-24,2025-06-25,13,4584.59,1527.33
C00584,South,Loyalty,2024-09-16,2024-09,2024-02-19,2025-05-15,12,3203.5,1001.08
C00585,Midwest,Loyalty,2024-03-16,2024-03,2024-01-04,2025-05-25,14,4770.32,1484.29
C00586,Midwest,Returning,2024-09-24,2024-09,2024-02-15,2025-06-17,11,4683.58,1431.15
C00587,West,Returning,2024-12-05,2024-12,2024-01-26,2025-05-02,12,6083.86,1922.87
C00588,West,Loyalty,2024-08-17,2024-08,2024-02-18,2025-05-07,12,4813.38,1655.57
C00589,South,Loyalty,2024-05-27,2024-05,2024-03-21,2025-06-19,14,4010.97,1285.88
C00590,Northeast,Loyalty,2024-07-13,2024-07,2024-01-01,2025-06-24,10,4577.83,1497.37
C00591,Midwest,Returning,2024-08-09,2024-08,2024-04-01,2025-03-20,11,5557.31,1660.68
C00592,Midwest,New,2024-03-25,2024-03,2024-02-15,2025-06-14,15,6672.92,2097.95
C00593,South,Loyalty,2024-01-22,2024-01,2024-07-03,2025-05-23,8,2969.46,989.53
C00594,Northeast,New,2024-10-19,2024-10,2024-04-09,2025-05-24,7,3038.15,1044.51
C00595,Midwest,New,2024-04-08,2024-04,2024-01-06,2025-06-05,17,5638.4,1796.6
C00596,South,Returning,2024-08-20,2024-08,2024-02-18,2025-05-11,7,1859.42,597.57
C00597,South,Loyalty,2024-09-15,2024-09,2024-05-15,2025-04-01,9,3896.34,1248.4
C00598,Northeast,New,2024-09-12,2024-09,2024-01-22,2025-03-20,8,3091.54,978.56
C00599,West,Loyalty,2024-10-27,2024-10,2024-01-20,2025-06-26,21,9302.81,2832.98
C00600,Northeast,New,2024-05-10,2024-05,2024-02-27,2025-06-23,10,2678.37,930.02
C00601,Midwest,Loyalty,2024-07-11,2024-07,2024-01-23,2025-06-26,12,4803.44,1480.45
C00602,West,New,2024-08-08,2024-08,2024-02-08,2025-06-03,11,3354.96,1034.61
C00603,Northeast,New,2024-08-07,2024-08,2024-03-05,2025-06-21,10,3470.35,1082.28
C00604,Northeast,Loyalty,2024-05-22,2024-05,2024-01-17,2025-04-21,10,3738.56,1141.4
C00605,South,Returning,2024-11-02,2024-11,2024-05-11,2025-06-19,9,2866.02,971.99
C00606,Midwest,Returning,2024-05-01,2024-05,2024-04-13,2025-05-21,14,4334.63,1412.25
C00607,Midwest,Returning,2024-01-17,2024-01,2024-02-07,2025-02-22,11,4279.3,1253.7
C00608,West,New,2024-12-19,2024-12,2024-06-17,2025-04-15,8,2036.96,682.99
C00609,Midwest,New,2024-02-07,2024-02,2024-01-11,2025-06-15,8,3749.55,1172.92
C00610,Midwest,Returning,2024-08-25,2024-08,2024-03-10,2025-05-26,13,3530.29,1219.62
C00611,Midwest,New,2024-08-27,2024-08,2024-01-19,2025-06-25,12,4966.16,1625.94
C00612,Northeast,Returning,2024-08-06,2024-08,2024-01-12,2025-06-03,11,3780.93,1317.68
C00613,Midwest,Loyalty,2024-01-15,2024-01,2024-03-06,2025-02-09,7,3146.24,884.19
C00614,Midwest,Loyalty,2024-12-01,2024-12,2024-01-22,2025-06-16,9,3047.15,946.42
C00615,South,New,2024-06-01,2024-06,2024-01-24,2025-05-20,13,5938.01,1907.31
C00616,South,Returning,2024-10-15,2024-10,2024-03-08,2025-06-11,13,5396.22,1762.02
C00617,West,New,2024-10-05,2024-10,2024-01-11,2025-04-15,8,3060.05,1032.77
C00618,West,New,2024-11-20,2024-11,2024-04-01,2025-04-12,8,1729.64,568.83
C00619,South,Returning,2024-04-18,2024-04,2024-01-09,2025-06-15,10,3377.46,1092.47
C00620,Northeast,New,2024-08-18,2024-08,2024-01-15,2025-06-17,12,5542.23,1618.22
C00621,Midwest,Loyalty,2024-12-21,2024-12,2024-08-21,2025-05-14,6,1952.33,574.13
C00622,Midwest,New,2024-03-15,2024-03,2024-02-04,2025-06-25,17,6182.84,1873.91
C00623,Midwest,New,2024-10-01,2024-10,2024-06-24,2025-06-15,8,3316.92,961.07
C00624,Northeast,Returning,2024-08-03,2024-08,2024-10-11,2025-05-14,5,1550.08,466.68
C00625,Northeast,New,2024-04-05,2024-04,2024-01-09,2025-06-13,12,4720.8,1496.54
C00626,South,Returning,2024-02-21,2024-02,2024-01-08,2025-05-27,12,3666.88,1289.48
C00627,West,New,2024-06-18,2024-06,2024-03-09,2025-05-20,13,4217.04,1318.85
C00628,Midwest,New,2024-05-20,2024-05,2024-01-13,2025-06-19,16,6249.63,2018.54
C00629,West,Returning,2024-01-04,2024-01,2024-01-26,2025-06-12,10,2422.69,808.92
C00630,Midwest,Returning,2024-01-11,2024-01,2024-06-11,2025-02-27,9,2619.08,916.46
C00631,South,Returning,2024-01-13,2024-01,2024-04-05,2025-05-09,9,2296.52,801.53
C00632,South,New,2024-01-17,2024-01,2024-01-11,2025-06-17,8,2730.37,805.81
C00633,Midwest,Loyalty,2024-10-18,2024-10,2024-07-03,2025-06-03,15,5379.36,1840.86
C00634,West,New,2024-01-07,2024-01,2024-01-19,2025-06-04,8,3892.82,1166.26
C00635,South,New,2024-11-11,2024-11,2024-01-17,2025-03-22,14,6297.99,2085.21
C00636,Northeast,Loyalty,2024-07-27,2024-07,2024-01-14,2025-05-05,13,4098.98,1398.9
C00637,South,Loyalty,2024-03-17,2024-03,2024-05-17,2025-05-08,8,3089.39,944.74
C00638,West,Returning,2024-05-25,2024-05,2024-02-18,2025-05-15,13,4876.94,1550.42
C00639,Midwest,Returning,2024-11-20,2024-11,2024-01-27,2025-06-05,10,3423.9,1057.2
C00640,Northeast,Loyalty,2024-05-27,2024-05,2024-02-19,2025-06-06,14,4383.61,1465.31
C00641,South,Loyalty,2024-03-04,2024-03,2024-04-06,2025-05-15,17,5982.67,1975.01
C00642,West,New,2024-04-17,2024-04,2024-03-10,2025-06-09,16,5854.08,1952.74
C00643,Northeast,Returning,2024-12-05,2024-12,2024-04-15,2025-05-25,11,3791.7,1199.78
C00644,West,Returning,2024-08-01,2024-08,2024-07-08,2025-06-10,4,1777.76,488.68
C00645,South,New,2024-02-23,2024-02,2024-02-16,2025-06-12,14,3949.7,1321.79
C00646,West,New,2024-07-15,2024-07,2024-05-24,2025-06-08,12,4667.72,1508.98
C00647,Midwest,Loyalty,2024-08-02,2024-08,2024-01-24,2025-05-24,12,5375.14,1629.56
C00648,South,New,2024-10-15,2024-10,2024-01-08,2025-06-10,13,5604.53,1905.95
C00649,South,Returning,2024-11-21,2024-11,2024-03-13,2025-06-19,9,3662.96,1286.68
C00650,Midwest,New,2024-12-12,2024-12,2024-03-24,2025-06-10,13,4093.34,1290.98
C00651,Northeast,New,2024-07-23,2024-07,2024-05-27,2025-04-20,8,3019.74,967.36
C00652,Midwest,New,2024-04-11,2024-04,2024-05-06,2025-06-26,14,7055.48,2138.56
C00653,South,New,2024-12-24,2024-12,2024-06-17,2025-06-14,11,4344.16,1267.51
C00654,Northeast,New,2024-04-19,2024-04,2024-02-21,2025-05-07,10,5348.95,1946.2
C00655,Midwest,Loyalty,2024-06-16,2024-06,2024-02-19,2025-05-24,12,4208.28,1242.85
C00656,Northeast,Loyalty,2024-05-01,2024-05,2024-03-13,2025-06-14,13,6014.85,1828.99
C00657,South,Returning,2024-02-02,2024-02,2024-02-19,2025-06-07,19,5587.16,1889.7
C00658,South,Loyalty,2024-06-25,2024-06,2024-01-14,2025-06-21,13,3679.86,1317.36
C00659,South,New,2024-06-19,2024-06,2024-05-17,2025-06-26,10,5487.15,1730.95
C00660,Midwest,Returning,2024-06-10,2024-06,2024-05-25,2025-04-27,8,2771.24,915.37
C00661,Northeast,Loyalty,2024-04-20,2024-04,2024-01-24,2025-05-13,5,1820.19,566.59
C00662,Midwest,New,2024-05-22,2024-05,2024-02-25,2025-05-06,8,2938.96,1113.9
C00663,South,Returning,2024-05-06,2024-05,2024-01-25,2025-06-04,10,4454.32,1472.65
C00664,Northeast,New,2024-07-27,2024-07,2024-03-12,2025-05-19,10,2763.48,941.52
C00665,South,New,2024-02-05,2024-02,2024-02-19,2025-06-12,13,4119.82,1335.58
C00666,South,New,2024-11-27,2024-11,2024-02-11,2025-05-24,14,5679.29,1802.77
C00667,South,New,2024-02-10,2024-02,2024-01-19,2025-06-27,13,5517.32,1808.02
C00668,Midwest,Loyalty,2024-02-23,2024-02,2024-03-12,2025-06-25,12,4419.15,1420.15
C00669,Northeast,Returning,2024-11-10,2024-11,2024-04-01,2025-06-26,9,2803.82,982.38
C00670,Northeast,New,2024-09-16,2024-09,2024-01-03,2025-06-25,13,4752.23,1579.84
C00671,South,Loyalty,2024-11-08,2024-11,2024-01-12,2025-06-13,12,2876.26,1001.33
C00672,South,New,2024-05-25,2024-05,2024-02-05,2025-05-10,10,3733.63,1226.84
C00673,Northeast,Loyalty,2024-02-01,2024-02,2024-03-18,2025-06-27,11,3922.84,1277.13
C00674,Midwest,New,2024-05-17,2024-05,2024-02-15,2025-06-07,13,3974.82,1246.57
C00675,Midwest,New,2024-09-17,2024-09,2024-02-09,2025-06-19,15,5017.42,1587.97
C00676,Northeast,Loyalty,2024-09-23,2024-09,2024-08-07,2025-05-08,6,2113.46,802.42
C00677,South,Returning,2024-01-16,2024-01,2024-02-06,2025-04-08,17,6176.34,1972.65
C00678,West,New,2024-07-17,2024-07,2024-02-05,2025-06-19,12,5916.63,1797.06
C00679,Midwest,New,2024-12-08,2024-12,2024-02-24,2025-06-22,9,3639.63,1161.85
C00680,Midwest,New,2024-10-02,2024-10,2024-01-06,2025-05-05,14,5118.37,1673.08
C00681,West,Loyalty,2024-05-04,2024-05,2024-02-05,2025-05-11,8,3301.66,1080.89
C00682,Northeast,New,2024-01-19,2024-01,2024-01-13,2025-05-14,7,2462.07,768.57
C00683,Northeast,Loyalty,2024-01-18,2024-01,2024-01-22,2025-05-22,13,6299.09,2148.5
C00684,Midwest,Loyalty,2024-02-08,2024-02,2024-01-27,2025-06-15,15,3952.01,1351.12
C00685,South,Loyalty,2024-03-10,2024-03,2024-01-17,2025-05-16,13,5904.36,1797.11
C00686,Midwest,Loyalty,2024-02-08,2024-02,2024-01-14,2025-05-06,7,2800.17,1013.32
C00687,West,Loyalty,2024-03-02,2024-03,2024-03-17,2025-05-13,12,4479.22,1415.17
C00688,West,New,2024-05-06,2024-05,2024-03-11,2025-05-20,17,5209.72,1919.12
C00689,Midwest,Loyalty,2024-07-21,2024-07,2024-05-13,2025-06-25,8,3657.46,1040.82
C00690,Northeast,Returning,2024-01-25,2024-01,2024-04-15,2025-06-23,9,2924.37,881.3
C00691,South,Returning,2024-07-18,2024-07,2024-01-17,2025-05-17,12,4585.38,1573.83
C00692,Northeast,Returning,2024-10-04,2024-10,2025-02-19,2025-06-24,7,2838.56,932.43
C00693,South,New,2024-04-17,2024-04,2024-06-18,2025-06-06,8,2893.83,951.5
C00694,Northeast,Loyalty,2024-01-15,2024-01,2024-02-17,2025-06-18,17,6523.27,2123.46
C00695,South,New,2024-03-22,2024-03,2024-06-20,2025-04-01,12,5039.84,1536.97
C00696,West,Returning,2024-04-15,2024-04,2024-01-19,2025-05-04,17,6749.35,2098.82
C00697,West,Loyalty,2024-07-07,2024-07,2024-05-02,2024-12-24,9,4120.53,1196.74
C00698,Midwest,New,2024-09-17,2024-09,2024-03-04,2025-06-05,10,4460.88,1555.04
C00699,Northeast,Loyalty,2024-09-18,2024-09,2024-01-11,2025-04-18,11,2784.64,838.25
C00700,West,Returning,2024-07-09,2024-07,2024-01-03,2025-06-20,13,4731.72,1372.69
C00701,Midwest,New,2024-10-19,2024-10,2024-02-14,2025-05-06,14,4185.28,1284.41
C00702,Midwest,Loyalty,2024-10-13,2024-10,2024-04-03,2025-06-22,9,2847.56,959.16
C00703,South,New,2024-09-23,2024-09,2024-03-04,2025-04-11,8,3515.53,1068.12
C00704,Midwest,Returning,2024-12-25,2024-12,2024-01-15,2025-06-06,12,4573.09,1306.45
C00705,West,Returning,2024-02-25,2024-02,2024-01-10,2025-06-24,9,4161.76,1237.7
C00706,West,Returning,2024-08-26,2024-08,2024-03-08,2025-05-26,9,3467.49,1001.39
C00707,Northeast,Loyalty,2024-11-12,2024-11,2024-01-08,2025-06-18,11,3566.1,1226.74
C00708,West,Returning,2024-06-01,2024-06,2024-01-02,2025-06-25,8,2311.31,722.09
C00709,South,Returning,2024-04-03,2024-04,2024-01-18,2025-05-23,13,5163.76,1648.56
C00710,West,New,2024-10-08,2024-10,2024-02-16,2025-06-27,11,4473.4,1562.87
C00711,Northeast,New,2024-04-13,2024-04,2024-04-26,2025-06-02,12,4849.34,1655.45
C00712,West,New,2024-12-27,2024-12,2024-02-11,2025-04-05,12,4339.52,1407.24
C00713,West,Loyalty,2024-10-14,2024-10,2024-09-12,2025-06-22,9,3553.27,1259.31
C00714,South,Returning,2024-08-07,2024-08,2024-03-03,2025-06-18,11,3960.61,1319.77
C00715,Midwest,Loyalty,2024-04-06,2024-04,2024-01-09,2025-06-24,17,7090.28,2311.99
C00716,Midwest,New,2024-11-16,2024-11,2024-03-18,2025-06-18,11,4383.38,1475.43
C00717,Midwest,Returning,2024-12-05,2024-12,2024-02-23,2025-06-09,13,4981.44,1547.29
C00718,Northeast,Returning,2024-06-06,2024-06,2024-01-07,2024-11-26,2,748.25,211.85
C00719,South,Loyalty,2024-01-26,2024-01,2024-02-14,2025-06-01,11,3526.91,1059.44
C00720,West,Returning,2024-09-14,2024-09,2024-06-16,2025-06-07,8,3351.11,1020.15
C00721,Northeast,New,2024-04-14,2024-04,2024-01-23,2025-06-04,10,3187.53,973.5
C00722,South,New,2024-10-27,2024-10,2024-05-05,2025-06-11,10,4877.03,1382.29
C00723,Northeast,New,2024-09-10,2024-09,2024-01-08,2025-04-09,9,3278.93,1036.94
C00724,Northeast,Returning,2024-07-14,2024-07,2024-03-22,2025-06-24,10,4651.94,1506.44
C00725,West,Returning,2024-05-14,2024-05,2024-01-20,2025-05-07,12,3789.27,1296.97
C00726,West,Returning,2024-08-01,2024-08,2024-02-24,2025-06-07,14,5226.17,1817.75
C00727,Midwest,New,2024-08-25,2024-08,2024-03-19,2025-06-21,7,2590.72,768.05
C00728,South,New,2024-06-13,2024-06,2024-02-05,2025-05-01,14,4312.5,1455.03
C00729,South,Loyalty,2024-04-14,2024-04,2024-03-02,2025-06-20,13,5235.28,1648.93
C00730,Northeast,Loyalty,2024-05-14,2024-05,2024-03-19,2025-04-10,7,2480.89,829.23
C00731,South,Returning,2024-02-03,2024-02,2024-03-13,2025-05-10,10,4475.68,1312.21
C00732,Midwest,New,2024-03-06,2024-03,2024-04-26,2024-11-08,5,1155.3,406.97
C00733,West,Loyalty,2024-04-20,2024-04,2024-05-10,2025-06-18,10,3239.63,1155.81
C00734,West,Loyalty,2024-06-26,2024-06,2024-02-08,2025-06-18,10,3841.31,1317
C00735,Midwest,Returning,2024-09-12,2024-09,2024-01-21,2025-04-15,12,4325.11,1338
C00736,South,Loyalty,2024-06-16,2024-06,2024-01-04,2025-06-24,13,4326.77,1508.23
C00737,South,Returning,2024-02-07,2024-02,2024-01-09,2025-06-26,11,3436.67,1184.21
C00738,Northeast,Returning,2024-04-07,2024-04,2024-01-07,2025-05-12,8,2822.14,953.96
C00739,Northeast,Returning,2024-01-01,2024-01,2024-01-17,2025-06-07,11,4052.63,1259.4
C00740,Midwest,Loyalty,2024-06-02,2024-06,2024-05-08,2025-05-22,14,3625.05,1183.97
C00741,South,Returning,2024-09-21,2024-09,2024-03-21,2025-06-24,12,4157.71,1438.94
C00742,South,Loyalty,2024-11-01,2024-11,2024-04-03,2025-06-01,13,3654.1,1265.23
C00743,Midwest,Returning,2024-08-26,2024-08,2024-03-24,2025-06-06,11,4466.19,1346.74
C00744,Northeast,New,2024-02-16,2024-02,2024-02-14,2025-04-11,13,4630.94,1540.92
C00745,Midwest,New,2024-03-18,2024-03,2024-02-23,2025-05-16,8,1868.35,624.58
C00746,Midwest,Returning,2024-10-22,2024-10,2024-01-01,2025-05-08,14,4296.95,1470.03
C00747,Northeast,Loyalty,2024-11-02,2024-11,2024-04-07,2025-06-04,21,9218.64,2724.64
C00748,West,Loyalty,2024-06-19,2024-06,2024-03-09,2024-11-03,4,1232.96,459.85
C00749,West,Returning,2024-07-22,2024-07,2024-03-09,2025-04-06,9,3098.01,1093.74
C00750,South,New,2024-06-03,2024-06,2024-01-09,2025-05-24,10,4469.92,1516.64
C00751,West,Returning,2024-11-12,2024-11,2024-03-03,2025-05-19,13,3789.38,1347.44
C00752,West,Returning,2024-12-14,2024-12,2024-02-27,2025-06-02,20,7646.47,2389.98
C00753,South,New,2024-08-24,2024-08,2024-01-05,2025-06-27,15,5179.51,1632.13
C00754,South,Returning,2024-12-19,2024-12,2024-04-08,2025-06-18,11,3321.22,1085.03
C00755,West,Loyalty,2024-11-20,2024-11,2024-03-17,2025-05-23,11,6072.77,1847.3
C00756,Northeast,Returning,2024-06-02,2024-06,2024-03-18,2025-06-15,16,4930.59,1571.45
C00757,Midwest,New,2024-07-09,2024-07,2024-04-02,2025-05-03,9,3096.18,1011.98
C00758,Northeast,Returning,2024-08-11,2024-08,2024-02-15,2025-06-10,14,4504.5,1516.08
C00759,Northeast,New,2024-04-04,2024-04,2024-02-20,2025-06-19,15,5808.93,1970.95
C00760,South,Returning,2024-06-02,2024-06,2024-01-27,2025-06-09,16,6553.59,2024.92
C00761,Northeast,New,2024-05-10,2024-05,2024-02-12,2025-04-22,12,4043.1,1332.3
C00762,Northeast,Returning,2024-09-20,2024-09,2024-03-26,2025-04-09,6,2187.14,662.16
C00763,Northeast,Returning,2024-01-01,2024-01,2024-02-04,2025-06-16,13,5849.91,1694.08
C00764,Northeast,Loyalty,2024-09-21,2024-09,2024-02-08,2025-05-11,14,4930.55,1683.77
C00765,West,Loyalty,2024-10-10,2024-10,2024-03-27,2025-05-14,8,2672.68,932.55
C00766,West,Returning,2024-01-20,2024-01,2024-06-18,2025-05-20,9,3624.55,1111.88
C00767,West,New,2024-09-22,2024-09,2024-02-22,2025-06-15,14,3414.21,1140.32
C00768,West,New,2024-10-22,2024-10,2024-05-01,2025-06-09,12,3902.15,1167.23
C00769,West,New,2024-12-21,2024-12,2024-01-13,2025-06-25,10,4082.13,1219.8
C00770,West,Loyalty,2024-10-06,2024-10,2024-01-12,2025-06-24,14,4945.89,1697.13
C00771,Midwest,Returning,2024-12-14,2024-12,2024-01-02,2025-04-16,12,4149.39,1277.26
C00772,Midwest,Returning,2024-10-06,2024-10,2024-02-16,2025-06-18,9,3299.87,1012.64
C00773,West,Returning,2024-09-04,2024-09,2024-02-08,2025-06-12,12,4566.54,1525.5
C00774,Midwest,Loyalty,2024-09-24,2024-09,2024-02-04,2025-06-13,13,6160.31,2033.28
C00775,Northeast,Loyalty,2024-11-24,2024-11,2024-02-21,2025-05-06,11,4851.2,1528.28
C00776,Northeast,New,2024-02-23,2024-02,2024-03-27,2025-05-07,6,1139.2,362.29
C00777,Midwest,Loyalty,2024-08-12,2024-08,2024-05-07,2025-06-15,4,860.43,261.25
C00778,South,New,2024-04-21,2024-04,2024-04-10,2025-03-12,7,3374.52,1143.46
C00779,Midwest,New,2024-04-20,2024-04,2024-06-07,2025-05-15,10,3873.3,1218.57
C00780,West,Returning,2024-08-12,2024-08,2024-03-09,2025-06-17,10,4081.21,1266.67
C00781,South,Returning,2024-08-25,2024-08,2024-01-25,2025-06-04,9,2833.32,1021.66
C00782,West,New,2024-03-05,2024-03,2024-05-20,2025-06-19,21,8580.35,2682.99
C00783,South,New,2024-08-05,2024-08,2024-03-27,2025-03-02,8,2621.1,871.98
C00784,West,Loyalty,2024-02-17,2024-02,2024-07-27,2025-04-26,5,1192.29,376.84
C00785,Midwest,Returning,2024-12-27,2024-12,2024-01-14,2025-06-10,18,6991.51,2197.2
C00786,Midwest,Returning,2024-03-26,2024-03,2024-02-23,2025-04-24,7,2747.58,861.27
C00787,South,Loyalty,2024-11-25,2024-11,2024-08-25,2025-06-05,4,2012.58,569.98
C00788,West,Returning,2024-05-20,2024-05,2024-01-08,2025-05-25,12,2593.53,866.88
C00789,West,New,2024-05-24,2024-05,2024-01-07,2025-04-08,13,5327.34,1691.41
C00790,South,Loyalty,2024-01-25,2024-01,2024-01-22,2025-04-13,8,3382.73,1155.06
C00791,Midwest,Returning,2024-02-08,2024-02,2024-01-10,2025-06-03,18,6353.38,2077.32
C00792,West,Loyalty,2024-08-11,2024-08,2024-12-20,2025-05-13,3,1517.08,508.11
C00793,West,Returning,2024-11-20,2024-11,2024-04-20,2025-06-22,8,2103.38,732.92
C00794,West,Returning,2024-04-20,2024-04,2024-04-06,2025-06-13,5,1671.24,595.51
C00795,Midwest,Loyalty,2024-02-25,2024-02,2024-02-08,2025-06-14,17,5611.19,1853.58
C00796,South,Loyalty,2024-09-23,2024-09,2024-01-18,2025-04-27,14,5138.04,1625.27
C00797,Northeast,New,2024-01-10,2024-01,2024-02-03,2025-05-20,14,5062.46,1679.8
C00798,West,Loyalty,2024-09-15,2024-09,2024-06-18,2025-06-22,12,5860.71,1783.52
C00799,Midwest,New,2024-03-23,2024-03,2024-04-01,2025-05-22,14,4151.13,1376.59
C00800,West,Returning,2024-04-15,2024-04,2024-02-17,2025-06-23,13,5405.36,1682.86
C00801,South,New,2024-06-22,2024-06,2024-02-10,2025-03-08,7,3121.17,1100.51
C00802,West,Returning,2024-05-09,2024-05,2024-01-23,2025-04-02,14,6814.2,2147.8
C00803,Midwest,Returning,2024-04-25,2024-04,2024-01-04,2025-03-15,5,1732.26,576.86
C00804,Northeast,New,2024-09-15,2024-09,2024-03-19,2025-04-27,12,4880.11,1505.35
C00805,Northeast,Returning,2024-09-10,2024-09,2024-08-01,2025-06-03,10,2568.98,805.44
C00806,Midwest,Returning,2024-03-24,2024-03,2024-03-12,2025-05-17,10,5145.2,1547.39
C00807,Midwest,Loyalty,2024-04-13,2024-04,2024-02-07,2025-06-02,7,2448.5,861.78
C00808,South,Returning,2024-01-23,2024-01,2024-01-07,2025-05-09,12,3877.28,1237.07
C00809,West,Loyalty,2024-12-17,2024-12,2024-01-10,2025-06-16,11,4667.46,1477.37
C00810,South,New,2024-02-07,2024-02,2024-02-14,2025-05-21,12,3238.74,1103.55
C00811,South,Returning,2024-02-01,2024-02,2024-03-06,2025-05-06,11,2822.1,930.74
C00812,Midwest,New,2024-04-22,2024-04,2024-01-21,2025-06-08,9,3068.9,970.61
C00813,Northeast,Returning,2024-05-13,2024-05,2024-03-12,2025-06-25,8,3099.31,1005.67
C00814,Midwest,Loyalty,2024-03-10,2024-03,2024-06-05,2025-04-23,7,3117.58,1002.89
C00815,South,Returning,2024-09-25,2024-09,2024-02-03,2025-06-09,17,7100.52,2415.32
C00816,South,Returning,2024-10-07,2024-10,2024-05-10,2025-06-22,7,2144,715.75
C00817,Midwest,Returning,2024-10-11,2024-10,2024-01-22,2025-06-02,11,3493.14,1135.21
C00818,South,New,2024-12-22,2024-12,2024-01-26,2025-06-01,14,3839.98,1204.91
C00819,South,Loyalty,2024-10-20,2024-10,2024-02-03,2025-06-09,10,4081.43,1296.68
C00820,South,Returning,2024-03-06,2024-03,2024-03-01,2025-03-21,13,3951.39,1252.05
C00821,South,New,2024-03-08,2024-03,2024-01-15,2025-05-02,14,4179.41,1411.76
C00822,Midwest,New,2024-11-15,2024-11,2024-03-18,2025-06-08,5,1287.86,461.42
C00823,Midwest,Loyalty,2024-07-08,2024-07,2024-01-04,2025-06-07,14,4210.04,1447.67
C00824,Midwest,Returning,2024-08-14,2024-08,2024-03-07,2025-06-20,11,4130.96,1358.58
C00825,Midwest,Loyalty,2024-11-26,2024-11,2024-01-11,2024-09-13,5,2028.75,638.52
C00826,South,Returning,2024-04-11,2024-04,2024-04-21,2025-06-18,13,4771.99,1665.16
C00827,Midwest,Returning,2024-09-09,2024-09,2024-01-05,2025-06-20,13,4723.11,1422.84
C00828,Northeast,New,2024-11-12,2024-11,2024-01-11,2025-04-06,10,3658.23,1069.52
C00829,West,New,2024-08-16,2024-08,2024-01-24,2025-06-17,16,6407.46,2073.81
C00830,West,Loyalty,2024-12-26,2024-12,2024-01-25,2025-05-19,18,6756.96,2191.7
C00831,West,Loyalty,2024-06-11,2024-06,2024-02-07,2025-06-10,13,6458.11,1788.48
C00832,West,Loyalty,2024-07-02,2024-07,2024-01-22,2025-06-24,8,3333.22,1059.67
C00833,Midwest,Loyalty,2024-12-03,2024-12,2024-04-10,2025-06-02,10,3070.93,940.58
C00834,Northeast,New,2024-03-05,2024-03,2024-02-02,2025-06-03,7,2978.54,1025.89
C00835,Northeast,Returning,2024-09-05,2024-09,2024-01-09,2025-06-05,11,6987.17,2233.02
C00836,Midwest,Loyalty,2024-02-14,2024-02,2024-02-25,2025-05-19,9,2987.2,999.1
C00837,South,New,2024-04-26,2024-04,2024-01-26,2025-05-11,11,4597.82,1409.07
C00838,Midwest,New,2024-02-13,2024-02,2024-06-09,2025-04-01,10,4040.67,1304.73
C00839,Northeast,Returning,2024-05-03,2024-05,2024-02-21,2025-06-27,11,3490.03,1208.34
C00840,Midwest,Returning,2024-10-24,2024-10,2024-01-19,2025-06-22,14,4363.36,1382.06
C00841,West,New,2024-07-15,2024-07,2024-03-03,2025-03-08,14,5461.9,1822.34
C00842,West,Returning,2024-02-03,2024-02,2024-01-23,2025-05-11,8,2082.06,685.47
C00843,South,Returning,2024-07-04,2024-07,2024-01-08,2025-06-25,11,3565.28,1159.11
C00844,Midwest,Returning,2024-09-03,2024-09,2024-04-02,2025-06-18,12,3867.95,1333.88
C00845,Northeast,Loyalty,2024-03-16,2024-03,2024-02-17,2025-04-13,12,4998.34,1519.73
C00846,Northeast,Loyalty,2024-07-08,2024-07,2024-01-10,2025-06-22,11,4088.06,1426.1
C00847,South,Loyalty,2024-01-07,2024-01,2024-02-22,2025-06-23,16,5734.47,1844.16
C00848,Northeast,Loyalty,2024-05-18,2024-05,2024-02-16,2025-06-17,13,6017.62,1777.37
C00849,West,New,2024-10-26,2024-10,2024-08-02,2025-05-22,6,2511.01,776.32
C00850,West,Returning,2024-05-17,2024-05,2024-01-19,2025-06-06,9,3367.57,1002.44
C00851,South,Returning,2024-08-25,2024-08,2024-06-02,2025-06-17,15,4912.95,1624.5
C00852,South,New,2024-01-19,2024-01,2024-03-20,2025-06-16,13,3780.54,1227.67
C00853,West,Returning,2024-07-19,2024-07,2024-03-08,2025-06-26,11,5151.08,1834.71
C00854,Northeast,Loyalty,2024-05-05,2024-05,2024-02-23,2025-05-18,6,1916.63,669.97
C00855,Northeast,Loyalty,2024-02-27,2024-02,2024-03-16,2025-04-14,7,3700.51,1022.76
C00856,Midwest,New,2024-01-11,2024-01,2024-01-14,2025-06-12,13,3768.42,1353.73
C00857,West,Returning,2024-09-05,2024-09,2024-03-20,2025-01-03,8,2237.27,793.08
C00858,Midwest,Returning,2024-11-15,2024-11,2024-03-12,2025-06-17,11,3281.02,1081.02
C00859,South,Loyalty,2024-02-07,2024-02,2024-01-13,2025-06-24,13,3841.11,1278.59
C00860,West,Returning,2024-12-01,2024-12,2024-02-06,2025-05-14,7,1341.5,450.54
C00861,Midwest,Returning,2024-08-23,2024-08,2024-10-11,2025-06-06,3,1096.98,300.67
C00862,West,Returning,2024-05-25,2024-05,2024-07-06,2025-05-24,12,5415.83,1719.25
C00863,Northeast,Loyalty,2024-03-08,2024-03,2024-04-21,2025-06-25,18,5434.03,1797.08
C00864,South,New,2024-08-17,2024-08,2024-03-25,2025-06-14,10,4429.92,1274.73
C00865,Midwest,Returning,2024-05-03,2024-05,2024-07-06,2025-06-26,9,3407.17,1146.74
C00866,West,New,2024-02-08,2024-02,2024-03-16,2025-04-11,5,2120.09,634.82
C00867,West,Loyalty,2024-12-14,2024-12,2024-05-05,2025-06-15,15,4562.37,1437.92
C00868,West,Returning,2024-10-23,2024-10,2024-01-25,2025-06-05,7,2204.96,718.47
C00869,West,Loyalty,2024-01-10,2024-01,2024-03-21,2025-06-03,17,5270.48,1824.09
C00870,South,Loyalty,2024-10-04,2024-10,2024-05-26,2025-06-16,14,4970.49,1655.53
C00871,West,Loyalty,2024-06-17,2024-06,2024-04-07,2025-06-24,8,2580.39,794.43
C00872,Midwest,Loyalty,2024-12-01,2024-12,2024-01-02,2025-06-18,13,3867.01,1154.24
C00873,West,New,2024-02-18,2024-02,2024-02-07,2025-06-07,9,3871.29,1168.47
C00874,South,Loyalty,2024-07-11,2024-07,2024-04-27,2025-06-03,14,5573.37,1896.24
C00875,West,Loyalty,2024-03-20,2024-03,2024-01-11,2025-06-15,9,3029.21,934.65
C00876,West,Returning,2024-10-21,2024-10,2024-01-06,2025-06-24,13,4622.97,1491.87
C00877,South,Returning,2024-01-09,2024-01,2024-04-08,2025-05-24,11,3633.16,1245.09
C00878,Northeast,New,2024-11-22,2024-11,2024-05-02,2025-05-21,8,2131.95,709.08
C00879,South,New,2024-03-22,2024-03,2024-06-22,2025-06-04,12,4273.81,1304.4
C00880,South,Returning,2024-01-23,2024-01,2024-08-11,2025-06-25,8,4236.38,1310.66
C00881,South,New,2024-10-26,2024-10,2024-04-19,2025-06-15,18,7777.43,2476.87
C00882,Midwest,Loyalty,2024-08-07,2024-08,2024-01-05,2025-06-15,16,4691.24,1479.77
C00883,South,Loyalty,2024-10-10,2024-10,2024-06-01,2025-05-04,7,3020.09,1068.15
C00884,Midwest,New,2024-05-22,2024-05,2024-02-27,2025-04-22,5,1834.87,616.41
C00885,South,Returning,2024-03-05,2024-03,2024-02-25,2025-05-03,17,5531.19,1743.77
C00886,West,Returning,2024-04-08,2024-04,2024-02-19,2025-02-18,8,3024.4,956.34
C00887,West,New,2024-08-12,2024-08,2024-02-10,2025-05-02,14,7372.01,2482.87
C00888,West,Loyalty,2024-02-17,2024-02,2024-02-25,2025-06-02,11,4350.38,1370.93
C00889,Northeast,New,2024-02-22,2024-02,2024-08-10,2025-06-13,8,2115.95,765.81
C00890,Midwest,New,2024-11-04,2024-11,2024-01-12,2025-06-14,11,3808.26,1269.14
C00891,Northeast,New,2024-06-12,2024-06,2024-02-01,2025-05-12,6,2211.04,794.71
C00892,South,New,2024-07-19,2024-07,2024-02-03,2025-05-18,12,4269.57,1483.68
C00893,West,Returning,2024-10-02,2024-10,2024-03-18,2025-04-14,11,3832.47,1297.18
C00894,Midwest,Returning,2024-04-15,2024-04,2024-01-14,2025-02-22,11,6305.02,1945.62
C00895,South,Loyalty,2024-10-14,2024-10,2024-01-13,2025-05-26,11,3605.31,1164.81
C00896,Midwest,New,2024-06-06,2024-06,2024-05-02,2025-05-21,5,1289.1,437.63
C00897,South,Returning,2024-05-25,2024-05,2024-02-19,2025-04-13,7,2300.49,739
C00898,West,New,2024-08-13,2024-08,2024-02-20,2025-06-11,11,4598.19,1441.51
C00899,Midwest,New,2024-04-12,2024-04,2024-02-20,2025-05-23,11,5563.74,1637.33
C00900,West,Loyalty,2024-05-13,2024-05,2024-02-08,2025-06-15,11,4027.49,1247.71
C00901,Northeast,Loyalty,2024-01-13,2024-01,2024-01-20,2025-05-13,11,5040.78,1378.96
C00902,West,New,2024-09-23,2024-09,2024-01-01,2025-06-24,13,4816.98,1577.96
C00903,West,New,2024-04-27,2024-04,2024-05-10,2025-06-13,7,2714.54,904.54
C00904,Northeast,New,2024-12-16,2024-12,2024-01-06,2025-06-15,20,8526.11,2698.72
C00905,Northeast,New,2024-07-14,2024-07,2024-07-01,2025-05-13,7,2085.66,756.06
C00906,Midwest,Loyalty,2024-07-12,2024-07,2024-02-16,2025-06-27,15,5375.87,1721.21
C00907,South,Loyalty,2024-06-26,2024-06,2024-02-12,2025-06-07,13,4681.19,1505.47
C00908,South,New,2024-12-12,2024-12,2024-02-07,2024-12-05,9,4074.71,1410.38
C00909,South,Loyalty,2024-08-03,2024-08,2024-01-03,2025-04-23,10,4209.34,1402.81
C00910,South,Returning,2024-05-02,2024-05,2024-01-05,2025-05-02,11,3270.28,1114.02
C00911,South,Loyalty,2024-10-27,2024-10,2024-01-01,2025-05-24,12,4370.48,1417.95
C00912,Midwest,New,2024-08-23,2024-08,2024-01-12,2025-06-09,12,4806.38,1542.89
C00913,Northeast,New,2024-06-11,2024-06,2024-04-25,2025-06-06,11,3789.77,1227.95
C00914,Northeast,Loyalty,2024-08-25,2024-08,2024-01-22,2025-05-26,9,3979.9,1275.11
C00915,West,Loyalty,2024-03-24,2024-03,2024-01-04,2025-06-14,12,4520.16,1448.22
C00916,West,New,2024-01-02,2024-01,2024-03-14,2025-03-24,7,1783.36,590.74
C00917,Midwest,Returning,2024-09-11,2024-09,2024-02-17,2025-06-09,9,3251.92,1066.06
C00918,South,Loyalty,2024-08-05,2024-08,2024-01-08,2025-06-16,10,5570.51,1612.47
C00919,Northeast,Loyalty,2024-02-01,2024-02,2024-03-06,2025-06-23,9,2892.25,985.74
C00920,South,Loyalty,2024-04-12,2024-04,2024-01-07,2025-06-19,15,5416.49,1635.84
C00921,Northeast,New,2024-06-06,2024-06,2024-02-01,2024-12-21,7,2462.68,809
C00922,West,New,2024-12-22,2024-12,2024-02-04,2025-06-19,15,6258.86,2090.85
C00923,West,Loyalty,2024-10-13,2024-10,2024-01-15,2025-06-23,13,5201.17,1691.87
C00924,West,Loyalty,2024-08-25,2024-08,2024-01-01,2025-06-19,17,6162.42,1941.57
C00925,South,Returning,2024-02-08,2024-02,2024-01-15,2025-05-11,9,3644.4,1318.49
C00926,West,New,2024-06-16,2024-06,2024-06-01,2025-04-13,11,3787.08,1291.83
C00927,Midwest,New,2024-04-20,2024-04,2024-01-09,2025-06-06,13,4252.93,1431.13
C00928,South,New,2024-12-16,2024-12,2024-02-23,2025-06-08,4,573.42,201.2
C00929,West,Returning,2024-01-13,2024-01,2024-04-07,2025-06-08,9,2898.99,958.49
C00930,Midwest,Returning,2024-08-12,2024-08,2024-08-11,2025-06-05,7,2274.43,681.64
C00931,Midwest,New,2024-01-08,2024-01,2024-03-03,2025-05-17,15,6507.56,1957.67
C00932,Midwest,Returning,2024-06-25,2024-06,2024-04-18,2025-06-09,5,1686.35,527.4
C00933,Northeast,New,2024-02-10,2024-02,2024-01-19,2025-05-18,12,4088.08,1363.69
C00934,South,Loyalty,2024-11-15,2024-11,2024-02-10,2025-05-09,11,4143.79,1494.43
C00935,West,New,2024-09-03,2024-09,2024-01-02,2025-06-25,8,2835.85,925.5
C00936,Northeast,Loyalty,2024-04-20,2024-04,2024-01-02,2025-04-23,14,5602.33,1695.47
C00937,Midwest,Returning,2024-08-16,2024-08,2024-01-10,2025-05-11,15,4965.15,1823.77
C00938,Northeast,Returning,2024-04-25,2024-04,2024-02-18,2025-06-14,15,8705.63,2563.17
C00939,South,Loyalty,2024-12-06,2024-12,2024-08-18,2025-05-11,10,3079.36,1017.72
C00940,Northeast,Returning,2024-07-22,2024-07,2024-04-18,2025-06-06,9,4566.26,1490.59
C00941,Midwest,New,2024-07-15,2024-07,2024-01-17,2025-06-16,16,6345.24,1891.32
C00942,Midwest,New,2024-07-03,2024-07,2024-07-14,2025-02-21,6,2598.26,895.68
C00943,Northeast,Returning,2024-07-09,2024-07,2024-01-04,2025-06-17,13,4636.03,1520.71
C00944,Midwest,Returning,2024-11-14,2024-11,2024-07-25,2025-03-15,6,2687.96,783.68
C00945,Midwest,Returning,2024-04-23,2024-04,2024-01-04,2024-08-14,6,2340.66,760.45
C00946,West,Loyalty,2024-08-05,2024-08,2024-02-07,2025-06-23,10,3478.32,1074.89
C00947,Midwest,Loyalty,2024-08-23,2024-08,2024-02-09,2025-06-25,12,5579.14,1699.43
C00948,West,New,2024-11-15,2024-11,2024-01-02,2025-06-14,11,4431.2,1376.87
C00949,South,Returning,2024-10-21,2024-10,2024-05-03,2025-05-24,8,2601.33,951.89
C00950,Midwest,Returning,2024-03-16,2024-03,2024-01-19,2025-04-01,10,3322.43,1083.61
C00951,Midwest,New,2024-11-20,2024-11,2024-06-13,2025-05-16,10,2597.72,904.86
C00952,South,Returning,2024-03-10,2024-03,2024-03-02,2025-05-03,10,3786.93,1201.75
C00953,West,Loyalty,2024-01-08,2024-01,2024-02-27,2025-05-01,11,4552.24,1558.53
C00954,Northeast,Loyalty,2024-04-02,2024-04,2024-01-26,2025-06-13,15,4969.47,1629.26
C00955,South,New,2024-09-17,2024-09,2024-01-17,2025-01-27,9,4197.36,1308.61
C00956,Northeast,Loyalty,2024-09-08,2024-09,2024-02-21,2025-04-19,13,4931.49,1515.39
C00957,Northeast,New,2024-02-14,2024-02,2024-01-05,2025-06-12,8,2890.67,996.99
C00958,Midwest,Returning,2024-09-03,2024-09,2024-02-24,2025-06-14,13,4749.49,1728.26
C00959,Northeast,Returning,2024-04-23,2024-04,2024-02-14,2025-06-04,17,5687.04,1931.48
C00960,Northeast,Loyalty,2024-10-01,2024-10,2024-02-07,2025-05-25,15,4821.73,1618.78
C00961,Midwest,New,2024-06-02,2024-06,2024-03-05,2025-06-18,15,5234.33,1720.91
C00962,Northeast,New,2024-05-19,2024-05,2024-03-21,2025-05-24,9,2954.54,1065.85
C00963,West,Returning,2024-08-16,2024-08,2024-03-01,2025-06-08,8,2277.24,766.72
C00964,South,Loyalty,2024-12-14,2024-12,2024-01-13,2025-04-21,9,3153.49,955.31
C00965,West,Loyalty,2024-02-02,2024-02,2024-01-15,2024-11-26,7,2924.67,909.55
C00966,South,Loyalty,2024-09-21,2024-09,2024-02-09,2025-04-01,15,5579.24,1899.93
C00967,West,Returning,2024-04-01,2024-04,2024-04-13,2025-01-05,7,2886.83,930.41
C00968,Midwest,New,2024-11-16,2024-11,2024-01-14,2025-06-17,10,3490.83,1217.58
C00969,West,Loyalty,2024-04-18,2024-04,2024-03-11,2025-06-27,12,5003.89,1781.02
C00970,Northeast,New,2024-12-23,2024-12,2024-02-16,2025-04-18,6,1869.35,618.7
C00971,West,New,2024-05-18,2024-05,2024-01-25,2025-04-25,12,5283.29,1679.19
C00972,Northeast,Loyalty,2024-11-17,2024-11,2024-01-10,2025-06-02,11,5588.76,1785.03
C00973,Northeast,New,2024-03-10,2024-03,2024-01-12,2025-06-05,9,4014.09,1189.5
C00974,South,Returning,2024-07-23,2024-07,2024-03-15,2025-05-18,8,1951.04,684.96
C00975,Midwest,Loyalty,2024-09-02,2024-09,2024-01-14,2025-06-17,11,4029.4,1298.1
C00976,Northeast,New,2024-11-19,2024-11,2024-02-17,2025-06-24,14,7266.55,2089.06
C00977,Midwest,Loyalty,2024-03-12,2024-03,2024-01-08,2025-02-23,9,2626.2,881.79
C00978,West,Returning,2024-01-21,2024-01,2024-03-18,2025-05-20,13,5809.34,1822.83
C00979,West,Returning,2024-01-01,2024-01,2024-02-16,2025-06-17,13,4667.7,1603.66
C00980,South,Returning,2024-05-12,2024-05,2024-01-17,2025-04-13,18,6189.8,1954.92
C00981,West,New,2024-09-18,2024-09,2024-01-06,2025-05-27,8,2470.53,771.51
C00982,West,New,2024-03-14,2024-03,2024-01-11,2025-03-19,16,6842.75,2328.07
C00983,Northeast,Loyalty,2024-08-04,2024-08,2024-04-16,2025-06-18,12,4263.56,1474.31
C00984,Midwest,Returning,2024-12-14,2024-12,2024-09-15,2025-06-20,7,2150.43,767.14
C00985,Northeast,Returning,2024-10-16,2024-10,2024-03-15,2025-02-17,10,5161.5,1637.96
C00986,South,Loyalty,2024-08-27,2024-08,2024-08-04,2025-04-08,11,2817.03,988.45
C00987,Northeast,Returning,2024-07-07,2024-07,2024-01-13,2025-02-19,10,3287.49,1036.9
C00988,West,New,2024-12-15,2024-12,2024-03-26,2025-04-16,10,3592,1226.06
C00989,Midwest,New,2024-10-26,2024-10,2024-04-19,2025-05-23,10,2765.79,926.09
C00990,South,Loyalty,2024-09-11,2024-09,2024-03-06,2025-04-18,12,3919.32,1419.07
C00991,South,Loyalty,2024-10-19,2024-10,2024-05-27,2025-05-10,6,1060.82,346.09
C00992,West,New,2024-07-09,2024-07,2024-02-06,2025-05-25,10,4015.59,1295
C00993,Midwest,New,2024-01-16,2024-01,2024-01-24,2025-05-13,15,4467.83,1525.67
C00994,South,New,2024-07-19,2024-07,2024-01-03,2025-06-02,12,4555.16,1579.16
C00995,South,Returning,2024-08-27,2024-08,2024-02-04,2025-06-22,13,5338.84,1758.57
C00996,West,Returning,2024-10-11,2024-10,2024-10-11,2025-06-27,10,3108.68,1038.64
C00997,Northeast,New,2024-04-01,2024-04,2024-04-18,2025-06-27,9,4291.51,1432.36
C00998,South,New,2024-10-18,2024-10,2024-04-05,2025-05-21,15,5117.33,1598.49
C00999,Northeast,New,2024-09-22,2024-09,2024-03-01,2025-06-05,9,2229.93,751.68
C01000,West,Returning,2024-08-04,2024-08,2024-03-07,2025-06-14,12,3996.68,1253.78
C01001,West,New,2024-04-16,2024-04,2024-01-01,2025-06-25,14,4783.06,1736.51
C01002,South,New,2024-05-12,2024-05,2024-02-07,2025-04-23,11,3062.13,1109.09
C01003,South,New,2024-09-11,2024-09,2024-02-03,2025-02-26,10,3427.48,1068.98
C01004,West,Loyalty,2024-07-15,2024-07,2024-01-02,2025-06-18,15,5211.62,1606.67
C01005,South,Loyalty,2024-06-02,2024-06,2024-03-15,2025-05-26,14,4608.8,1427.91
C01006,Midwest,Returning,2024-01-08,2024-01,2024-01-06,2025-05-11,11,5378.83,1747.14
C01007,South,Returning,2024-06-08,2024-06,2024-02-08,2025-06-17,10,3722.99,1160.02
C01008,Midwest,New,2024-05-05,2024-05,2024-04-27,2025-06-24,15,6440.97,2090.99
C01009,Northeast,Returning,2024-03-04,2024-03,2024-01-26,2025-06-22,16,5400.16,1695.25
C01010,West,New,2024-01-24,2024-01,2024-01-06,2025-05-23,14,5492.81,1855.6
C01011,Northeast,Loyalty,2024-05-18,2024-05,2024-05-08,2025-06-01,7,4408.24,1445.22
C01012,Northeast,Returning,2024-03-08,2024-03,2024-04-01,2025-05-26,11,3994.86,1199.62
C01013,Midwest,New,2024-11-23,2024-11,2024-01-18,2025-06-24,12,3527.09,1106.28
C01014,Midwest,New,2024-09-20,2024-09,2024-08-19,2025-06-15,6,1746.1,603.13
C01015,West,Loyalty,2024-08-05,2024-08,2024-03-07,2025-06-26,8,1718.26,569.38
C01016,South,Returning,2024-11-01,2024-11,2024-02-19,2025-06-22,13,6198.01,1873.54
C01017,South,Loyalty,2024-10-03,2024-10,2024-01-09,2025-06-09,10,2988.15,899.25
C01018,South,New,2024-05-13,2024-05,2024-07-14,2025-06-21,6,1815.96,626.19
C01019,South,Loyalty,2024-07-13,2024-07,2024-04-02,2025-04-19,16,6322.37,2041.97
C01020,Midwest,Loyalty,2024-09-08,2024-09,2024-02-07,2025-06-24,12,4291.76,1395.77
C01021,West,Loyalty,2024-11-18,2024-11,2024-03-09,2025-05-05,10,4151.62,1234.67
C01022,West,New,2024-12-27,2024-12,2024-06-23,2025-05-11,16,5807.23,1942.27
C01023,Northeast,New,2024-04-14,2024-04,2024-01-06,2025-03-20,6,2573.79,865.82
C01024,South,New,2024-06-26,2024-06,2024-01-07,2025-06-12,13,5190.45,1718.43
C01025,Midwest,Loyalty,2024-08-03,2024-08,2024-05-09,2025-05-19,8,2527.14,886.28
C01026,Midwest,New,2024-12-02,2024-12,2024-06-16,2025-06-17,10,2364.4,833.14
C01027,Midwest,Loyalty,2024-05-04,2024-05,2024-01-08,2025-06-27,14,4907.82,1643.65
C01028,West,New,2024-06-17,2024-06,2024-10-14,2025-05-19,9,3262.25,1115.37
C01029,Northeast,New,2024-09-09,2024-09,2024-02-04,2025-06-19,15,8316.54,2523.03
C01030,South,Returning,2024-09-05,2024-09,2024-01-12,2025-06-14,11,3504.75,1198.69
C01031,West,Loyalty,2024-10-07,2024-10,2024-01-07,2025-06-25,17,8153.03,2521.13
C01032,West,Returning,2024-04-02,2024-04,2024-02-27,2025-06-07,21,10311.54,3226.36
C01033,Midwest,Loyalty,2024-05-02,2024-05,2024-01-23,2025-02-12,14,3969.28,1406.22
C01034,Northeast,Returning,2024-08-26,2024-08,2024-02-15,2025-06-11,10,3177.01,1146.12
C01035,West,Returning,2024-06-20,2024-06,2024-05-21,2025-04-09,9,2824.27,956.2
C01036,Midwest,Loyalty,2024-08-19,2024-08,2024-03-16,2025-06-27,8,3153.87,1070.63
C01037,West,New,2024-07-15,2024-07,2024-02-04,2025-06-17,12,3658.4,1223.13
C01038,South,Loyalty,2024-01-08,2024-01,2024-02-12,2025-06-24,12,4532.57,1442.37
C01039,South,New,2024-03-09,2024-03,2024-01-16,2025-05-19,10,4024.28,1322.51
C01040,West,Loyalty,2024-06-12,2024-06,2024-03-11,2025-04-19,10,3717.15,1215.27
C01041,South,New,2024-11-09,2024-11,2024-02-02,2025-06-26,10,3976.04,1403.53
C01042,South,Loyalty,2024-09-02,2024-09,2024-03-13,2025-05-04,12,4757.73,1466.81
C01043,West,New,2024-09-02,2024-09,2024-04-16,2024-12-16,6,1904.85,614.97
C01044,Midwest,Returning,2024-02-19,2024-02,2025-02-14,2025-05-19,3,1842.15,578.42
C01045,South,Loyalty,2024-12-13,2024-12,2024-03-09,2025-06-25,9,3135.5,1056.84
C01046,West,Loyalty,2024-12-10,2024-12,2024-01-23,2025-06-21,11,2874.27,883.55
C01047,South,New,2024-01-24,2024-01,2024-02-16,2025-05-26,13,3931.43,1357.25
C01048,Northeast,New,2024-05-27,2024-05,2024-03-15,2025-06-19,15,4415.53,1464.48
C01049,Northeast,New,2024-05-07,2024-05,2024-01-25,2025-05-16,7,1871.49,618.17
C01050,Midwest,Returning,2024-05-04,2024-05,2024-02-04,2025-06-04,10,3794.4,1411.11
C01051,South,Returning,2024-11-24,2024-11,2024-07-20,2025-06-15,9,2677.46,913.1
C01052,West,Loyalty,2024-06-05,2024-06,2024-02-08,2025-06-06,9,3379.17,1093.99
C01053,Northeast,Returning,2024-09-27,2024-09,2024-02-20,2025-06-18,9,4066.17,1421.07
C01054,Northeast,Returning,2024-05-16,2024-05,2024-01-01,2025-06-05,10,4805.57,1590.33
C01055,South,New,2024-08-25,2024-08,2024-02-26,2025-04-07,6,1920.93,705.6
C01056,Northeast,New,2024-10-11,2024-10,2024-02-13,2025-06-22,12,4318.9,1380.05
C01057,South,Loyalty,2024-04-06,2024-04,2024-02-18,2025-03-01,5,2040.56,694.44
C01058,South,Loyalty,2024-09-20,2024-09,2024-05-24,2025-04-24,12,4730.1,1573.67
C01059,Midwest,New,2024-10-17,2024-10,2024-01-01,2025-05-27,7,3203.59,1124.84
C01060,Midwest,Loyalty,2024-11-26,2024-11,2024-03-06,2025-06-26,18,7795.73,2420.32
C01061,Midwest,Loyalty,2024-04-12,2024-04,2024-02-18,2025-04-05,15,5130.94,1785.66
C01062,South,Loyalty,2024-10-02,2024-10,2024-01-06,2025-06-27,17,6727.33,2348.05
C01063,South,Loyalty,2024-07-08,2024-07,2024-04-23,2025-04-11,6,2915.01,933.75
C01064,West,Returning,2024-10-15,2024-10,2024-06-13,2025-06-23,11,3655.27,1170.42
C01065,West,New,2024-08-06,2024-08,2024-01-18,2025-03-02,12,4948.22,1767.01
C01066,Midwest,Loyalty,2024-05-06,2024-05,2024-01-17,2025-06-15,13,4639.1,1470.25
C01067,Northeast,New,2024-03-06,2024-03,2024-01-17,2025-06-04,12,4737.02,1514.11
C01068,South,Loyalty,2024-02-26,2024-02,2024-02-19,2025-06-12,7,2509.08,804.86
C01069,Northeast,Loyalty,2024-01-25,2024-01,2024-04-14,2025-04-24,9,3388.52,1146.25
C01070,Northeast,New,2024-06-21,2024-06,2024-02-26,2025-05-16,15,5434.54,1832.14
C01071,Northeast,Loyalty,2024-07-06,2024-07,2024-01-08,2025-06-26,11,3555.02,1201.42
C01072,West,Returning,2024-02-11,2024-02,2024-01-25,2025-05-15,16,4860.03,1599.66
C01073,Northeast,New,2024-11-27,2024-11,2024-08-08,2025-06-17,8,1974.7,684.62
C01074,Midwest,Loyalty,2024-01-10,2024-01,2024-03-17,2025-05-13,11,3281.69,1066.4
C01075,Midwest,Loyalty,2024-01-18,2024-01,2024-04-19,2025-06-08,14,5647.62,1785.85
C01076,Northeast,Returning,2024-07-18,2024-07,2024-01-09,2025-04-17,8,3458.78,1112.41
C01077,West,New,2024-07-24,2024-07,2024-05-06,2025-05-06,5,2089.12,778.1
C01078,Midwest,New,2024-02-21,2024-02,2024-03-15,2025-04-09,9,4014.97,1212.15
C01079,Northeast,New,2024-07-04,2024-07,2024-07-01,2025-06-18,11,4086.33,1355.2
C01080,Midwest,Loyalty,2024-05-09,2024-05,2024-04-03,2025-05-27,13,4158.72,1393.29
C01081,West,New,2024-03-15,2024-03,2024-03-05,2025-06-23,11,3382.03,1181.94
C01082,South,New,2024-09-05,2024-09,2024-01-05,2025-06-17,9,2274.98,798.12
C01083,South,Loyalty,2024-06-25,2024-06,2024-02-11,2025-06-10,15,5192.29,1811.55
C01084,Northeast,Returning,2024-06-19,2024-06,2024-01-14,2025-05-21,12,4270.44,1503.9
C01085,Midwest,Loyalty,2024-02-06,2024-02,2024-01-02,2025-05-26,12,6753.23,1812.63
C01086,Northeast,Returning,2024-06-24,2024-06,2024-03-26,2025-02-08,6,1723.24,574.71
C01087,South,Loyalty,2024-03-12,2024-03,2024-06-20,2025-06-27,11,3187.89,1143.17
C01088,Midwest,New,2024-10-15,2024-10,2024-04-17,2025-04-18,14,5451.86,1606.39
C01089,Northeast,Loyalty,2024-02-04,2024-02,2024-07-01,2025-06-22,13,3884.37,1155.84
C01090,Northeast,Loyalty,2024-11-27,2024-11,2024-02-03,2025-04-22,16,5698.09,1843.91
C01091,South,Returning,2024-03-01,2024-03,2024-01-21,2025-04-20,16,5013.61,1762.12
C01092,Northeast,Loyalty,2024-05-15,2024-05,2024-03-18,2025-05-19,9,3267.15,1181.69
C01093,West,New,2024-07-10,2024-07,2024-01-23,2025-05-21,8,2968.8,944.64
C01094,Northeast,Returning,2024-11-27,2024-11,2024-01-14,2025-05-10,13,6063.96,1807.57
C01095,Midwest,Returning,2024-11-05,2024-11,2024-09-14,2025-05-02,8,3210.42,968.91
C01096,West,Loyalty,2024-03-05,2024-03,2024-04-16,2025-06-15,11,4353.24,1483.33
C01097,South,Returning,2024-06-14,2024-06,2024-01-06,2025-04-26,15,5496.89,1898.21
C01098,Northeast,Returning,2024-07-05,2024-07,2024-01-11,2025-04-19,15,4336.85,1393.22
C01099,West,Returning,2024-07-18,2024-07,2024-02-20,2025-06-18,7,2894.72,862.05
C01100,Northeast,Loyalty,2024-11-02,2024-11,2024-04-07,2025-05-17,13,4737.34,1499.61
C01101,Midwest,Loyalty,2024-07-21,2024-07,2024-01-15,2025-03-01,18,5547.77,1732.31
C01102,Midwest,Returning,2024-06-10,2024-06,2024-05-26,2025-06-24,14,3242.79,1106.75
C01103,Midwest,Returning,2024-04-12,2024-04,2024-03-24,2025-05-10,12,5848.25,1823.59
C01104,South,Loyalty,2024-10-12,2024-10,2024-02-09,2025-06-20,12,3874.64,1257.88
C01105,Northeast,Loyalty,2024-02-02,2024-02,2024-02-08,2025-06-06,11,4230.83,1375.95
C01106,West,New,2024-11-04,2024-11,2024-03-20,2025-06-24,15,4460.99,1428.46
C01107,West,Returning,2024-06-04,2024-06,2024-06-20,2025-04-14,11,4546.43,1494.59
C01108,West,New,2024-09-12,2024-09,2024-02-24,2025-06-26,17,5821.31,1816.4
C01109,Midwest,Loyalty,2024-11-19,2024-11,2024-03-11,2025-06-04,10,2571.75,833.3
C01110,Midwest,Loyalty,2024-04-12,2024-04,2024-04-04,2025-05-15,11,5043.63,1632.88
C01111,Midwest,Returning,2024-09-26,2024-09,2024-05-14,2025-06-27,8,2994.29,972.34
C01112,West,Loyalty,2024-05-01,2024-05,2024-01-10,2025-03-21,15,5752.22,1980.45
C01113,West,New,2024-12-26,2024-12,2024-04-27,2025-06-12,10,3687.26,1031.7
C01114,West,New,2024-02-11,2024-02,2024-06-22,2025-06-08,19,7011.71,2154.81
C01115,West,New,2024-12-13,2024-12,2024-01-06,2025-05-11,15,4802.9,1408.1
C01116,Midwest,New,2024-07-26,2024-07,2024-01-13,2025-05-06,12,4049.68,1332.43
C01117,Northeast,Returning,2024-09-07,2024-09,2024-03-02,2025-05-25,7,1861.41,674.89
C01118,South,Returning,2024-05-16,2024-05,2024-01-12,2025-05-25,18,4860.6,1647.14
C01119,Midwest,Loyalty,2024-05-20,2024-05,2024-01-20,2025-05-13,16,7050.29,2100.74
C01120,Northeast,New,2024-05-14,2024-05,2024-02-06,2025-05-24,6,2911.13,921.8
C01121,West,Loyalty,2024-01-02,2024-01,2024-02-04,2025-06-26,18,6707.15,2186.45
C01122,South,Returning,2024-02-10,2024-02,2024-03-06,2025-04-13,4,1684.73,565.55
C01123,West,Loyalty,2024-05-23,2024-05,2024-01-09,2025-05-13,12,4991.71,1872.13
C01124,Midwest,Returning,2024-08-14,2024-08,2024-01-06,2025-06-27,18,6336.12,1942.08
C01125,West,New,2024-12-20,2024-12,2024-05-24,2025-05-24,10,3082.69,902.93
C01126,West,Loyalty,2024-04-26,2024-04,2024-01-19,2025-06-26,11,3904.33,1310.35
C01127,Midwest,Returning,2024-05-04,2024-05,2024-01-18,2025-06-20,19,6293.76,2074.25
C01128,West,Returning,2024-03-26,2024-03,2024-04-14,2025-05-16,11,3202.41,1093.15
C01129,South,Returning,2024-02-12,2024-02,2024-01-25,2025-06-13,20,6270.19,2051.4
C01130,Midwest,New,2024-04-22,2024-04,2024-01-20,2025-04-07,10,3822.12,1170.85
C01131,Northeast,Returning,2024-12-03,2024-12,2024-03-05,2025-05-27,7,2190.01,696.91
C01132,South,New,2024-01-05,2024-01,2024-03-17,2025-04-25,23,8397.23,2986.74
C01133,Midwest,New,2024-03-01,2024-03,2024-08-18,2025-05-26,7,4008.35,1089.11
C01134,South,Returning,2024-04-16,2024-04,2024-02-27,2025-03-27,9,3887.39,1219.21
C01135,Northeast,New,2024-01-11,2024-01,2024-01-13,2025-04-09,8,2921.22,888.44
C01136,Midwest,Returning,2024-12-25,2024-12,2024-02-04,2025-06-26,11,3767.47,1234.73
C01137,West,Loyalty,2024-05-18,2024-05,2024-05-22,2025-06-24,13,4662.46,1507.56
C01138,Midwest,New,2024-11-27,2024-11,2024-01-22,2025-06-09,10,3876.96,1351.13
C01139,Northeast,Loyalty,2024-08-22,2024-08,2024-01-25,2025-06-09,10,2843.22,982.86
C01140,Midwest,Loyalty,2024-06-08,2024-06,2024-08-27,2025-06-02,6,2577.5,855.44
C01141,West,Loyalty,2024-05-21,2024-05,2024-02-05,2025-06-22,15,6445.69,2129.75
C01142,South,New,2024-09-03,2024-09,2024-02-08,2025-06-16,14,4525.09,1537.91
C01143,Northeast,New,2024-01-25,2024-01,2024-03-26,2025-05-07,15,5457.62,1752.19
C01144,Midwest,New,2024-08-27,2024-08,2024-04-01,2025-06-20,11,3336.39,1099.51
C01145,Midwest,Returning,2024-12-11,2024-12,2024-01-16,2025-04-15,13,4581.57,1521.5
C01146,West,Returning,2024-01-21,2024-01,2024-02-23,2025-06-06,14,5714.75,1860.21
C01147,Midwest,Loyalty,2024-11-24,2024-11,2024-01-18,2025-06-17,10,4538.63,1513.08
C01148,South,Returning,2024-07-09,2024-07,2024-07-22,2025-03-22,10,3136.01,965.81
C01149,South,Returning,2024-11-11,2024-11,2024-04-03,2025-04-13,12,4425.88,1451.25
C01150,Midwest,New,2024-01-16,2024-01,2024-01-03,2025-06-16,13,5609.23,1750.65
C01151,South,New,2024-04-24,2024-04,2024-01-06,2025-03-10,7,2445.68,864.55
C01152,South,Loyalty,2024-04-13,2024-04,2024-01-07,2025-04-26,9,2991.38,1112.72
C01153,Northeast,Returning,2024-10-05,2024-10,2024-02-21,2025-06-26,16,4749.09,1573.57
C01154,Northeast,New,2024-02-07,2024-02,2024-05-19,2025-06-16,9,3452.21,1060.13
C01155,West,Returning,2024-06-10,2024-06,2024-01-05,2025-06-21,15,7122.11,2174.62
C01156,South,New,2024-05-16,2024-05,2024-03-16,2025-05-22,16,7175.74,2227.71
C01157,South,Loyalty,2024-09-23,2024-09,2024-01-25,2025-06-07,15,5159.2,1760.6
C01158,Midwest,Returning,2024-01-16,2024-01,2024-02-07,2025-04-22,10,3218.45,1048.02
C01159,Midwest,Returning,2024-05-18,2024-05,2024-02-12,2025-06-24,10,3419.16,1051.07
C01160,Northeast,New,2024-05-25,2024-05,2024-01-14,2025-03-13,9,4184.26,1288.52
C01161,Northeast,Returning,2024-05-09,2024-05,2024-02-14,2025-06-25,13,4057.24,1341.21
C01162,West,Loyalty,2024-05-13,2024-05,2024-04-26,2025-06-05,12,3350.73,1083.83
C01163,Midwest,Returning,2024-06-02,2024-06,2024-02-05,2025-01-27,9,3690.85,1187.16
C01164,Midwest,New,2024-11-19,2024-11,2024-03-14,2025-05-20,8,3326.06,1036.38
C01165,Midwest,New,2024-12-05,2024-12,2024-03-05,2025-05-15,15,5061.42,1620.33
C01166,Midwest,Returning,2024-12-13,2024-12,2024-02-13,2025-04-05,13,3924.51,1366.51
C01167,Midwest,Loyalty,2024-01-15,2024-01,2024-02-20,2025-05-27,21,7197.39,2233.27
C01168,Midwest,Loyalty,2024-03-18,2024-03,2024-01-08,2025-06-01,4,1234.2,413.47
C01169,South,Returning,2024-04-26,2024-04,2024-01-01,2025-06-13,16,7624.5,2385.01
C01170,Northeast,New,2024-07-11,2024-07,2024-05-20,2025-05-19,11,4187.09,1463.39
C01171,South,New,2024-08-22,2024-08,2024-01-14,2025-03-10,13,3919.22,1170.79
C01172,West,Loyalty,2024-12-10,2024-12,2024-01-05,2025-06-23,17,5912.02,1908.46
C01173,South,Loyalty,2024-08-06,2024-08,2024-04-04,2025-06-05,8,5082.52,1426.28
C01174,West,Returning,2024-12-19,2024-12,2024-04-06,2025-05-11,11,5071.52,1531.35
C01175,Midwest,New,2024-05-25,2024-05,2024-01-04,2025-05-27,8,3318.75,1096.62
C01176,Midwest,New,2024-05-14,2024-05,2024-03-06,2025-05-26,7,2103.92,708.49
C01177,Midwest,Returning,2024-03-23,2024-03,2024-05-08,2025-06-11,9,4437.79,1494.2
C01178,West,Loyalty,2024-05-26,2024-05,2024-01-23,2025-06-19,11,4582.95,1477.03
C01179,Northeast,Returning,2024-07-26,2024-07,2024-02-10,2025-05-09,11,4238.67,1354.66
C01180,Northeast,New,2024-08-15,2024-08,2024-02-20,2025-02-27,9,2600.54,973.26
C01181,Midwest,Loyalty,2024-11-15,2024-11,2024-07-26,2025-06-07,9,5060.06,1513.72
C01182,West,Loyalty,2024-02-18,2024-02,2024-03-06,2025-06-13,11,3954.13,1382.1
C01183,Northeast,New,2024-03-03,2024-03,2024-06-10,2025-05-27,7,1777.04,635.54
C01184,Midwest,Returning,2024-09-02,2024-09,2024-01-16,2025-05-21,8,2042.17,696.16
C01185,South,New,2024-08-18,2024-08,2024-01-27,2025-03-09,13,5638.39,1858.37
C01186,Northeast,Returning,2024-12-17,2024-12,2024-07-14,2025-06-12,12,4512.65,1557.6
C01187,West,Loyalty,2024-05-26,2024-05,2024-01-17,2025-05-27,17,6914.61,2103.43
C01188,West,Loyalty,2024-06-12,2024-06,2024-01-09,2025-06-12,11,3338.34,1157.21
C01189,South,New,2024-04-14,2024-04,2024-03-16,2025-04-16,5,2096.4,653.94
C01190,South,Loyalty,2024-08-13,2024-08,2024-03-26,2025-06-10,6,2233.61,824.65
C01191,West,New,2024-09-08,2024-09,2024-03-11,2025-05-11,11,3298.01,1181.55
C01192,West,Loyalty,2024-04-22,2024-04,2024-03-01,2025-06-18,10,4354.82,1466.26
C01193,South,New,2024-01-01,2024-01,2024-05-16,2025-06-14,18,5492.35,1709.05
C01194,West,New,2024-01-19,2024-01,2024-03-06,2025-05-19,9,4283.33,1338.55
C01195,Northeast,Loyalty,2024-04-05,2024-04,2024-01-02,2025-05-22,10,3297.77,1131.79
C01196,Northeast,Loyalty,2024-04-18,2024-04,2024-05-27,2025-06-16,10,3127.45,994.01
C01197,West,Returning,2024-03-05,2024-03,2024-07-17,2025-06-23,10,3900.15,1238.02
C01198,Northeast,New,2024-04-23,2024-04,2024-01-12,2025-03-21,10,3622,1199.97
C01199,West,Loyalty,2024-12-26,2024-12,2024-01-11,2025-06-26,13,5367.87,1716.28
C01200,South,Loyalty,2024-05-24,2024-05,2024-02-08,2025-06-07,17,6742.35,2059.17
