customer_id,region,segment,signup_date,signup_month
C00001,Midwest,New,2024-01-19,2024-01
C00002,Midwest,Loyalty,2024-09-10,2024-09
C00003,Northeast,Returning,2024-08-17,2024-08
C00004,Midwest,Loyalty,2024-03-22,2024-03
C00005,West,Loyalty,2024-03-13,2024-03
C00006,South,Returning,2024-07-04,2024-07
C00007,West,Returning,2024-04-02,2024-04
C00008,West,New,2024-04-25,2024-04
C00009,Northeast,New,2024-10-05,2024-10
C00010,Northeast,Returning,2024-11-22,2024-11
C00011,Midwest,Loyalty,2024-10-12,2024-10
C00012,South,Loyalty,2024-06-14,2024-06
C00013,Midwest,Returning,2024-01-10,2024-01
C00014,Northeast,New,2024-09-08,2024-09
C00015,Northeast,Returning,2024-08-12,2024-08
C00016,Northeast,Returning,2024-12-16,2024-12
C00017,Midwest,Returning,2024-09-03,2024-09
C00018,Midwest,Loyalty,2024-09-27,2024-09
C00019,West,Returning,2024-06-16,2024-06
C00020,Midwest,Loyalty,2024-02-06,2024-02
C00021,West,New,2024-11-18,2024-11
C00022,South,New,2024-05-22,2024-05
C00023,Midwest,Loyalty,2024-09-03,2024-09
C00024,South,Returning,2024-03-13,2024-03
C00025,South,Loyalty,2024-09-18,2024-09
C00026,Northeast,New,2024-10-06,2024-10
C00027,South,Returning,2024-03-19,2024-03
C00028,West,Returning,2024-10-03,2024-10
C00029,West,Loyalty,2024-09-07,2024-09
C00030,West,New,2024-09-05,2024-09
C00031,South,New,2024-09-26,2024-09
C00032,Northeast,Loyalty,2024-05-09,2024-05
C00033,Midwest,Loyalty,2024-11-02,2024-11
C00034,West,New,2024-12-07,2024-12
C00035,Northeast,Loyalty,2024-05-04,2024-05
C00036,Midwest,Loyalty,2024-06-26,2024-06
C00037,Northeast,New,2024-08-21,2024-08
C00038,West,Loyalty,2024-03-02,2024-03
C00039,Midwest,Returning,2024-06-11,2024-06
C00040,Midwest,Returning,2024-05-10,2024-05
C00041,South,New,2024-02-04,2024-02
C00042,South,Loyalty,2024-08-10,2024-08
C00043,Northeast,Loyalty,2024-07-08,2024-07
C00044,South,Returning,2024-09-27,2024-09
C00045,South,New,2024-02-21,2024-02
C00046,Midwest,Loyalty,2024-12-10,2024-12
C00047,West,Loyalty,2024-12-19,2024-12
C00048,Midwest,Returning,2024-10-07,2024-10
C00049,Midwest,New,2024-11-18,2024-11
C00050,South,Loyalty,2024-11-07,2024-11
C00051,West,Loyalty,2024-06-06,2024-06
C00052,Midwest,Returning,2024-10-02,2024-10
C00053,Northeast,Returning,2024-03-26,2024-03
C00054,South,Loyalty,2024-08-10,2024-08
C00055,West,Returning,2024-08-13,2024-08
C00056,West,Loyalty,2024-05-24,2024-05
C00057,South,New,2024-07-24,2024-07
C00058,Midwest,New,2024-07-13,2024-07
C00059,Northeast,New,2024-10-27,2024-10
C00060,Midwest,New,2024-11-24,2024-11
C00061,South,Returning,2024-04-09,2024-04
C00062,Midwest,Loyalty,2024-11-27,2024-11
C00063,South,Loyalty,2024-10-05,2024-10
C00064,West,Returning,2024-03-05,2024-03
C00065,South,New,2024-01-26,2024-01
C00066,South,Loyalty,2024-07-18,2024-07
C00067,West,Returning,2024-10-25,2024-10
C00068,Midwest,Loyalty,2024-11-19,2024-11
C00069,West,Loyalty,2024-01-08,2024-01
C00070,South,Loyalty,2024-01-16,2024-01
C00071,West,New,2024-12-20,2024-12
C00072,Midwest,Loyalty,2024-03-22,2024-03
C00073,Northeast,New,2024-06-25,2024-06
C00074,Northeast,Returning,2024-02-13,2024-02
C00075,Northeast,Returning,2024-04-17,2024-04
C00076,Midwest,New,2024-01-05,2024-01
C00077,Midwest,New,2024-01-19,2024-01
C00078,West,Returning,2024-03-07,2024-03
C00079,Northeast,Returning,2024-11-15,2024-11
C00080,South,Returning,2024-03-23,2024-03
C00081,Midwest,Returning,2024-07-05,2024-07
C00082,Midwest,New,2024-09-24,2024-09
C00083,South,New,2024-10-24,2024-10
C00084,West,Returning,2024-05-12,2024-05
C00085,Northeast,Loyalty,2024-10-01,2024-10
C00086,Midwest,Returning,2024-11-19,2024-11
C00087,West,Loyalty,2024-06-01,2024-06
C00088,West,Loyalty,2024-01-18,2024-01
C00089,Northeast,New,2024-07-27,2024-07
C00090,Midwest,Loyalty,2024-10-24,2024-10
C00091,Midwest,Returning,2024-11-02,2024-11
C00092,Midwest,Loyalty,2024-01-16,2024-01
C00093,South,Loyalty,2024-06-02,2024-06
C00094,West,New,2024-09-04,2024-09
C00095,Northeast,Loyalty,2024-11-09,2024-11
C00096,South,New,2024-04-19,2024-04
C00097,Midwest,New,2024-11-26,2024-11
C00098,West,Loyalty,2024-09-06,2024-09
C00099,Northeast,Returning,2024-05-21,2024-05
C00100,Midwest,New,2024-11-04,2024-11
C00101,Northeast,New,2024-10-13,2024-10
C00102,West,Returning,2024-07-27,2024-07
C00103,Midwest,Loyalty,2024-04-27,2024-04
C00104,South,New,2024-11-24,2024-11
C00105,Northeast,Returning,2024-11-24,2024-11
C00106,West,Loyalty,2024-05-25,2024-05
C00107,West,Returning,2024-11-24,2024-11
C00108,Midwest,Returning,2024-07-13,2024-07
C00109,Midwest,Loyalty,2024-05-19,2024-05
C00110,Northeast,Loyalty,2024-07-22,2024-07
C00111,South,Returning,2024-09-06,2024-09
C00112,South,Loyalty,2024-01-17,2024-01
C00113,Midwest,New,2024-07-21,2024-07
C00114,Northeast,New,2024-06-04,2024-06
C00115,South,Returning,2024-06-08,2024-06
C00116,Midwest,Returning,2024-08-14,2024-08
C00117,South,Returning,2024-03-13,2024-03
C00118,Midwest,Returning,2024-07-20,2024-07
C00119,Midwest,Returning,2024-08-03,2024-08
C00120,South,New,2024-12-23,2024-12
C00121,West,Loyalty,2024-05-17,2024-05
C00122,West,Loyalty,2024-03-20,2024-03
C00123,Midwest,Returning,2024-09-10,2024-09
C00124,Midwest,Returning,2024-06-16,2024-06
C00125,Midwest,New,2024-04-21,2024-04
C00126,West,Returning,2024-03-13,2024-03
C00127,West,Loyalty,2024-09-20,2024-09
C00128,West,Returning,2024-11-17,2024-11
C00129,Midwest,Loyalty,2024-10-26,2024-10
C00130,Northeast,Returning,2024-12-04,2024-12
C00131,Midwest,Returning,2024-05-10,2024-05
C00132,Midwest,Returning,2024-03-21,2024-03
C00133,West,Loyalty,2024-06-11,2024-06
C00134,West,New,2024-11-23,2024-11
C00135,South,New,2024-08-08,2024-08
C00136,West,New,2024-03-16,2024-03
C00137,Northeast,New,2024-07-25,2024-07
C00138,West,New,2024-09-15,2024-09
C00139,West,Loyalty,2024-09-25,2024-09
C00140,West,Loyalty,2024-02-02,2024-02
C00141,Northeast,Loyalty,2024-05-22,2024-05
C00142,Northeast,New,2024-08-14,2024-08
C00143,West,Loyalty,2024-05-27,2024-05
C00144,South,Loyalty,2024-11-10,2024-11
C00145,West,Returning,2024-01-01,2024-01
C00146,Northeast,Loyalty,2024-03-27,2024-03
C00147,Northeast,Returning,2024-12-07,2024-12
C00148,Northeast,Returning,2024-10-14,2024-10
C00149,South,Returning,2024-05-07,2024-05
C00150,Midwest,New,2024-05-07,2024-05
C00151,South,Loyalty,2024-03-19,2024-03
C00152,Northeast,Loyalty,2024-04-25,2024-04
C00153,South,New,2024-08-08,2024-08
C00154,South,Returning,2024-11-25,2024-11
C00155,Northeast,Loyalty,2024-02-25,2024-02
C00156,South,Returning,2024-08-01,2024-08
C00157,Northeast,Loyalty,2024-09-12,2024-09
C00158,South,Returning,2024-02-23,2024-02
C00159,South,Returning,2024-12-25,2024-12
C00160,Northeast,Loyalty,2024-09-09,2024-09
C00161,West,Loyalty,2024-11-24,2024-11
C00162,South,Returning,2024-12-16,2024-12
C00163,South,Returning,2024-05-04,2024-05
C00164,West,New,2024-03-01,2024-03
C00165,West,Returning,2024-09-14,2024-09
C00166,South,Returning,2024-10-13,2024-10
C00167,South,Returning,2024-02-17,2024-02
C00168,Midwest,Loyalty,2024-07-11,2024-07
C00169,South,New,2024-12-07,2024-12
C00170,South,New,2024-06-22,2024-06
C00171,South,New,2024-03-23,2024-03
C00172,Midwest,New,2024-09-11,2024-09
C00173,West,Loyalty,2024-06-02,2024-06
C00174,Midwest,New,2024-04-03,2024-04
C00175,West,New,2024-10-26,2024-10
C00176,West,Returning,2024-06-22,2024-06
C00177,South,New,2024-05-01,2024-05
C00178,South,Returning,2024-02-14,2024-02
C00179,West,Loyalty,2024-02-23,2024-02
C00180,Midwest,New,2024-12-02,2024-12
C00181,West,Returning,2024-12-18,2024-12
C00182,South,New,2024-08-07,2024-08
C00183,South,Returning,2024-03-27,2024-03
C00184,Northeast,New,2024-07-06,2024-07
C00185,South,Returning,2024-08-19,2024-08
C00186,West,Loyalty,2024-12-20,2024-12
C00187,West,New,2024-02-02,2024-02
C00188,Midwest,Loyalty,2024-03-12,2024-03
C00189,Northeast,Returning,2024-02-12,2024-02
C00190,Midwest,New,2024-04-13,2024-04
C00191,West,New,2024-09-10,2024-09
C00192,South,Loyalty,2024-10-03,2024-10
C00193,Midwest,New,2024-06-22,2024-06
C00194,South,Loyalty,2024-06-24,2024-06
C00195,Midwest,New,2024-01-03,2024-01
C00196,Midwest,Returning,2024-01-26,2024-01
C00197,South,Returning,2024-12-01,2024-12
C00198,Northeast,Returning,2024-06-14,2024-06
C00199,Midwest,Returning,2024-05-12,2024-05
C00200,West,Returning,2024-04-07,2024-04
C00201,Midwest,Loyalty,2024-05-05,2024-05
C00202,Northeast,Loyalty,2024-08-22,2024-08
C00203,Midwest,New,2024-10-12,2024-10
C00204,South,New,2024-02-08,2024-02
C00205,Midwest,New,2024-10-19,2024-10
C00206,South,Loyalty,2024-07-27,2024-07
C00207,South,New,2024-01-18,2024-01
C00208,Midwest,Returning,2024-07-17,2024-07
C00209,Midwest,Returning,2024-08-18,2024-08
C00210,South,Returning,2024-10-24,2024-10
C00211,Midwest,New,2024-05-26,2024-05
C00212,South,New,2024-02-20,2024-02
C00213,West,New,2024-07-17,2024-07
C00214,South,Loyalty,2024-04-13,2024-04
C00215,South,New,2024-09-14,2024-09
C00216,South,Returning,2024-10-22,2024-10
C00217,West,New,2024-12-20,2024-12
C00218,West,New,2024-05-18,2024-05
C00219,Northeast,Returning,2024-01-23,2024-01
C00220,Midwest,Loyalty,2024-08-22,2024-08
C00221,Northeast,Returning,2024-03-21,2024-03
C00222,South,Returning,2024-03-17,2024-03
C00223,South,New,2024-05-26,2024-05
C00224,West,New,2024-07-07,2024-07
C00225,Midwest,New,2024-07-15,2024-07
C00226,West,New,2024-07-21,2024-07
C00227,West,New,2024-05-04,2024-05
C00228,South,New,2024-11-19,2024-11
C00229,South,Loyalty,2024-09-06,2024-09
C00230,South,New,2024-02-14,2024-02
C00231,Northeast,New,2024-05-16,2024-05
C00232,South,New,2024-06-12,2024-06
C00233,Midwest,New,2024-05-07,2024-05
C00234,West,Loyalty,2024-01-19,2024-01
C00235,Northeast,Returning,2024-12-13,2024-12
C00236,South,Loyalty,2024-09-16,2024-09
C00237,Northeast,Loyalty,2024-05-21,2024-05
C00238,Northeast,Loyalty,2024-02-16,2024-02
C00239,Northeast,Loyalty,2024-07-21,2024-07
C00240,South,New,2024-12-01,2024-12
C00241,South,Returning,2024-07-01,2024-07
C00242,Northeast,Loyalty,2024-04-08,2024-04
C00243,West,Loyalty,2024-11-26,2024-11
C00244,West,Loyalty,2024-09-11,2024-09
C00245,Midwest,Returning,2024-11-21,2024-11
C00246,South,Loyalty,2024-12-16,2024-12
C00247,Northeast,Loyalty,2024-05-13,2024-05
C00248,Midwest,Loyalty,2024-07-11,2024-07
C00249,West,New,2024-01-26,2024-01
C00250,Midwest,Loyalty,2024-12-10,2024-12
C00251,Midwest,Returning,2024-01-11,2024-01
C00252,Northeast,Returning,2024-04-08,2024-04
C00253,South,Returning,2024-05-06,2024-05
C00254,Northeast,Returning,2024-03-06,2024-03
C00255,Midwest,Loyalty,2024-03-27,2024-03
C00256,West,Loyalty,2024-01-03,2024-01
C00257,West,Loyalty,2024-10-07,2024-10
C00258,South,Loyalty,2024-06-17,2024-06
C00259,Northeast,Returning,2024-02-19,2024-02
C00260,South,Loyalty,2024-03-18,2024-03
C00261,West,Loyalty,2024-04-09,2024-04
C00262,Northeast,New,2024-05-25,2024-05
C00263,West,Returning,2024-11-09,2024-11
C00264,South,Loyalty,2024-08-23,2024-08
C00265,South,New,2024-07-15,2024-07
C00266,Midwest,New,2024-02-05,2024-02
C00267,Northeast,New,2024-11-23,2024-11
C00268,South,Loyalty,2024-03-21,2024-03
C00269,South,Returning,2024-12-20,2024-12
C00270,South,Loyalty,2024-04-26,2024-04
C00271,South,New,2024-02-05,2024-02
C00272,Northeast,Loyalty,2024-10-24,2024-10
C00273,South,New,2024-11-20,2024-11
C00274,West,Returning,2024-04-03,2024-04
C00275,West,Returning,2024-03-16,2024-03
C00276,South,New,2024-03-22,2024-03
C00277,West,Returning,2024-01-20,2024-01
C00278,Midwest,New,2024-09-13,2024-09
C00279,South,Loyalty,2024-09-17,2024-09
C00280,Northeast,Loyalty,2024-06-26,2024-06
C00281,West,New,2024-10-05,2024-10
C00282,South,Returning,2024-02-03,2024-02
C00283,Midwest,Returning,2024-01-02,2024-01
C00284,Northeast,New,2024-05-15,2024-05
C00285,Northeast,Loyalty,2024-02-27,2024-02
C00286,South,Returning,2024-01-16,2024-01
C00287,West,Loyalty,2024-11-02,2024-11
C00288,Midwest,Returning,2024-04-05,2024-04
C00289,Northeast,Loyalty,2024-09-16,2024-09
C00290,Northeast,Returning,2024-05-18,2024-05
C00291,Northeast,Returning,2024-01-27,2024-01
C00292,South,Returning,2024-05-27,2024-05
C00293,Midwest,Loyalty,2024-04-25,2024-04
C00294,Midwest,New,2024-05-05,2024-05
C00295,West,New,2024-11-19,2024-11
C00296,Midwest,Returning,2024-09-03,2024-09
C00297,Northeast,New,2024-04-27,2024-04
C00298,West,New,2024-12-17,2024-12
C00299,Midwest,Loyalty,2024-12-09,2024-12
C00300,West,New,2024-01-18,2024-01
C00301,South,New,2024-12-10,2024-12
C00302,Northeast,Returning,2024-06-22,2024-06
C00303,Northeast,New,2024-06-14,2024-06
C00304,South,Loyalty,2024-08-09,2024-08
C00305,Midwest,Loyalty,2024-07-16,2024-07
C00306,South,Returning,2024-06-13,2024-06
C00307,South,Returning,2024-12-14,2024-12
C00308,West,New,2024-09-16,2024-09
C00309,Midwest,Returning,2024-03-12,2024-03
C00310,Midwest,New,2024-09-18,2024-09
C00311,South,Loyalty,2024-09-25,2024-09
C00312,Midwest,New,2024-11-21,2024-11
C00313,Northeast,New,2024-05-22,2024-05
C00314,Midwest,New,2024-02-21,2024-02
C00315,South,Returning,2024-05-21,2024-05
C00316,South,New,2024-06-07,2024-06
C00317,South,Returning,2024-01-12,2024-01
C00318,West,Loyalty,2024-07-06,2024-07
C00319,Midwest,Loyalty,2024-06-06,2024-06
C00320,South,Loyalty,2024-05-03,2024-05
C00321,South,Returning,2024-04-22,2024-04
C00322,West,New,2024-03-04,2024-03
C00323,Midwest,New,2024-08-25,2024-08
C00324,Midwest,Loyalty,2024-09-05,2024-09
C00325,Midwest,New,2024-10-18,2024-10
C00326,Northeast,Returning,2024-11-26,2024-11
C00327,South,New,2024-06-20,2024-06
C00328,West,New,2024-06-12,2024-06
C00329,Northeast,New,2024-05-01,2024-05
C00330,Midwest,New,2024-04-03,2024-04
C00331,Northeast,New,2024-05-15,2024-05
C00332,Midwest,Returning,2024-04-02,2024-04
C00333,South,Returning,2024-04-22,2024-04
C00334,South,Loyalty,2024-01-04,2024-01
C00335,Northeast,Loyalty,2024-03-10,2024-03
C00336,Northeast,Returning,2024-03-15,2024-03
C00337,Northeast,Loyalty,2024-09-10,2024-09
C00338,South,Returning,2024-03-08,2024-03
C00339,Midwest,Returning,2024-11-21,2024-11
C00340,Northeast,Loyalty,2024-02-27,2024-02
C00341,West,Returning,2024-10-06,2024-10
C00342,Midwest,New,2024-04-18,2024-04
C00343,South,New,2024-09-24,2024-09
C00344,Northeast,New,2024-07-12,2024-07
C00345,Northeast,New,2024-06-16,2024-06
C00346,Midwest,Returning,2024-01-03,2024-01
C00347,Northeast,Loyalty,2024-02-12,2024-02
C00348,South,Loyalty,2024-04-15,2024-04
C00349,West,Loyalty,2024-10-27,2024-10
C00350,West,New,2024-12-16,2024-12
C00351,West,New,2024-05-17,2024-05
C00352,South,Returning,2024-11-22,2024-11
C00353,South,Loyalty,2024-07-15,2024-07
C00354,Northeast,Returning,2024-12-21,2024-12
C00355,Northeast,New,2024-06-16,2024-06
C00356,Northeast,New,2024-06-08,2024-06
C00357,West,New,2024-02-07,2024-02
C00358,South,New,2024-11-25,2024-11
C00359,Midwest,Loyalty,2024-02-19,2024-02
C00360,Midwest,Loyalty,2024-02-25,2024-02
C00361,Northeast,New,2024-07-01,2024-07
C00362,South,Loyalty,2024-07-07,2024-07
C00363,Northeast,Returning,2024-12-21,2024-12
C00364,Midwest,Loyalty,2024-10-24,2024-10
C00365,Midwest,Loyalty,2024-10-20,2024-10
C00366,Northeast,New,2024-05-07,2024-05
C00367,Northeast,Loyalty,2024-05-27,2024-05
C00368,Northeast,Loyalty,2024-11-02,2024-11
C00369,South,Returning,2024-11-12,2024-11
C00370,Midwest,Loyalty,2024-07-12,2024-07
C00371,South,New,2024-05-07,2024-05
C00372,Midwest,Returning,2024-01-19,2024-01
C00373,Midwest,Returning,2024-04-11,2024-04
C00374,West,Loyalty,2024-06-26,2024-06
C00375,West,Returning,2024-07-12,2024-07
C00376,South,New,2024-06-18,2024-06
C00377,South,Loyalty,2024-10-14,2024-10
C00378,Northeast,Loyalty,2024-12-25,2024-12
C00379,West,Loyalty,2024-03-02,2024-03
C00380,West,New,2024-08-11,2024-08
C00381,South,Returning,2024-11-10,2024-11
C00382,West,New,2024-11-15,2024-11
C00383,South,Returning,2024-08-10,2024-08
C00384,West,Loyalty,2024-11-14,2024-11
C00385,South,Returning,2024-09-03,2024-09
C00386,West,Loyalty,2024-05-12,2024-05
C00387,South,Loyalty,2024-09-18,2024-09
C00388,Northeast,Loyalty,2024-10-15,2024-10
C00389,Midwest,Loyalty,2024-07-15,2024-07
C00390,West,Loyalty,2024-11-03,2024-11
C00391,Northeast,Loyalty,2024-08-25,2024-08
C00392,Midwest,Loyalty,2024-02-08,2024-02
C00393,West,Loyalty,2024-02-18,2024-02
C00394,Midwest,New,2024-04-11,2024-04
C00395,West,New,2024-02-14,2024-02
C00396,Midwest,Returning,2024-07-05,2024-07
C00397,Northeast,Loyalty,2024-09-09,2024-09
C00398,Northeast,Returning,2024-02-14,2024-02
C00399,South,Returning,2024-06-05,2024-06
C00400,Midwest,Loyalty,2024-12-02,2024-12
C00401,Midwest,Loyalty,2024-01-02,2024-01
C00402,West,Returning,2024-04-23,2024-04
C00403,West,Returning,2024-01-20,2024-01
C00404,West,Loyalty,2024-08-07,2024-08
C00405,West,Returning,2024-03-05,2024-03
C00406,Northeast,New,2024-02-21,2024-02
C00407,Midwest,New,2024-04-12,2024-04
C00408,South,New,2024-11-14,2024-11
C00409,Northeast,New,2024-07-15,2024-07
C00410,South,New,2024-12-07,2024-12
C00411,South,Loyalty,2024-04-11,2024-04
C00412,West,Returning,2024-09-25,2024-09
C00413,Midwest,New,2024-10-16,2024-10
C00414,Northeast,Returning,2024-10-20,2024-10
C00415,South,Loyalty,2024-05-21,2024-05
C00416,Midwest,Returning,2024-06-27,2024-06
C00417,South,Returning,2024-01-14,2024-01
C00418,Northeast,Returning,2024-01-15,2024-01
C00419,South,New,2024-08-08,2024-08
C00420,West,New,2024-08-07,2024-08
C00421,Northeast,Loyalty,2024-11-02,2024-11
C00422,West,New,2024-04-04,2024-04
C00423,Midwest,Loyalty,2024-09-25,2024-09
C00424,Midwest,New,2024-03-19,2024-03
C00425,West,New,2024-02-22,2024-02
C00426,Midwest,Loyalty,2024-05-07,2024-05
C00427,West,Loyalty,2024-10-13,2024-10
C00428,Northeast,Returning,2024-04-09,2024-04
C00429,South,Loyalty,2024-12-16,2024-12
C00430,Northeast,New,2024-07-23,2024-07
C00431,Midwest,Loyalty,2024-01-13,2024-01
C00432,Northeast,Returning,2024-01-01,2024-01
C00433,Northeast,Returning,2024-06-02,2024-06
C00434,Northeast,Loyalty,2024-07-06,2024-07
C00435,Northeast,Returning,2024-10-27,2024-10
C00436,Midwest,Loyalty,2024-02-12,2024-02
C00437,Northeast,Returning,2024-06-13,2024-06
C00438,Northeast,New,2024-02-25,2024-02
C00439,Midwest,Returning,2024-01-20,2024-01
C00440,West,Loyalty,2024-01-19,2024-01
C00441,Northeast,New,2024-12-14,2024-12
C00442,Northeast,New,2024-12-08,2024-12
C00443,West,Loyalty,2024-07-21,2024-07
C00444,Midwest,Loyalty,2024-06-08,2024-06
C00445,Midwest,Loyalty,2024-01-10,2024-01
C00446,Northeast,New,2024-12-02,2024-12
C00447,South,New,2024-04-06,2024-04
C00448,Northeast,New,2024-01-23,2024-01
C00449,South,Returning,2024-04-07,2024-04
C00450,Northeast,Returning,2024-10-13,2024-10
C00451,Northeast,Returning,2024-12-23,2024-12
C00452,West,Loyalty,2024-03-06,2024-03
C00453,South,Returning,2024-07-23,2024-07
C00454,South,New,2024-05-15,2024-05
C00455,Northeast,Returning,2024-11-02,2024-11
C00456,West,Returning,2024-04-13,2024-04
C00457,Northeast,New,2024-11-16,2024-11
C00458,Northeast,Loyalty,2024-08-27,2024-08
C00459,South,Returning,2024-03-15,2024-03
C00460,West,Returning,2024-10-01,2024-10
C00461,Northeast,Loyalty,2024-03-22,2024-03
C00462,West,Loyalty,2024-08-22,2024-08
C00463,West,New,2024-08-08,2024-08
C00464,South,Returning,2024-07-16,2024-07
C00465,Midwest,Returning,2024-06-01,2024-06
C00466,West,Returning,2024-05-21,2024-05
C00467,West,Returning,2024-12-06,2024-12
C00468,Midwest,Loyalty,2024-04-12,2024-04
C00469,Midwest,New,2024-07-26,2024-07
C00470,South,Loyalty,2024-12-26,2024-12
C00471,South,Returning,2024-02-05,2024-02
C00472,West,Loyalty,2024-06-10,2024-06
C00473,South,Loyalty,2024-10-20,2024-10
C00474,South,Loyalty,2024-11-12,2024-11
C00475,Midwest,Returning,2024-10-19,2024-10
C00476,West,Loyalty,2024-02-02,2024-02
C00477,West,Returning,2024-06-25,2024-06
C00478,Northeast,Returning,2024-12-22,2024-12
C00479,Midwest,Loyalty,2024-04-15,2024-04
C00480,West,Returning,2024-05-26,2024-05
C00481,West,Returning,2024-04-21,2024-04
C00482,West,New,2024-04-07,2024-04
C00483,Midwest,New,2024-11-26,2024-11
C00484,Northeast,Returning,2024-05-18,2024-05
C00485,South,Loyalty,2024-03-13,2024-03
C00486,Midwest,Returning,2024-03-25,2024-03
C00487,West,New,2024-06-11,2024-06
C00488,South,Loyalty,2024-04-13,2024-04
C00489,Midwest,Returning,2024-02-26,2024-02
C00490,Northeast,Loyalty,2024-11-12,2024-11
C00491,West,Returning,2024-01-15,2024-01
C00492,Northeast,Returning,2024-12-16,2024-12
C00493,Northeast,New,2024-01-24,2024-01
C00494,West,New,2024-05-19,2024-05
C00495,Northeast,Returning,2024-12-27,2024-12
C00496,West,Returning,2024-05-04,2024-05
C00497,Midwest,New,2024-06-08,2024-06
C00498,Northeast,Loyalty,2024-09-07,2024-09
C00499,West,Loyalty,2024-10-24,2024-10
C00500,South,Returning,2024-11-12,2024-11
C00501,Northeast,Returning,2024-01-02,2024-01
C00502,South,Loyalty,2024-01-06,2024-01
C00503,South,New,2024-02-20,2024-02
C00504,West,Returning,2024-01-15,2024-01
C00505,Midwest,New,2024-12-26,2024-12
C00506,Northeast,Loyalty,2024-07-15,2024-07
C00507,Midwest,Returning,2024-11-07,2024-11
C00508,West,New,2024-06-24,2024-06
C00509,Northeast,Loyalty,2024-05-04,2024-05
C00510,West,Returning,2024-03-26,2024-03
C00511,Northeast,Loyalty,2024-09-27,2024-09
C00512,Midwest,Returning,2024-02-10,2024-02
C00513,Midwest,New,2024-07-06,2024-07
C00514,Northeast,New,2024-04-17,2024-04
C00515,Midwest,Returning,2024-06-20,2024-06
C00516,Midwest,Loyalty,2024-04-10,2024-04
C00517,Midwest,Loyalty,2024-10-26,2024-10
C00518,South,Loyalty,2024-06-24,2024-06
C00519,South,Returning,2024-03-20,2024-03
C00520,West,Returning,2024-10-15,2024-10
C00521,West,Returning,2024-04-01,2024-04
C00522,Midwest,New,2024-06-07,2024-06
C00523,Midwest,Returning,2024-04-20,2024-04
C00524,Midwest,Loyalty,2024-01-16,2024-01
C00525,West,Loyalty,2024-01-12,2024-01
C00526,West,New,2024-12-23,2024-12
C00527,Midwest,Loyalty,2024-05-08,2024-05
C00528,Northeast,Loyalty,2024-04-12,2024-04
C00529,Midwest,Loyalty,2024-03-21,2024-03
C00530,South,Loyalty,2024-07-01,2024-07
C00531,Midwest,New,2024-03-04,2024-03
C00532,Northeast,Returning,2024-02-12,2024-02
C00533,South,New,2024-09-18,2024-09
C00534,Midwest,New,2024-07-18,2024-07
C00535,Northeast,New,2024-11-23,2024-11
C00536,South,New,2024-04-05,2024-04
C00537,Northeast,New,2024-07-27,2024-07
C00538,Northeast,Returning,2024-02-06,2024-02
C00539,South,Returning,2024-12-18,2024-12
C00540,Midwest,Loyalty,2024-08-03,2024-08
C00541,West,New,2024-08-01,2024-08
C00542,Midwest,Loyalty,2024-06-06,2024-06
C00543,South,Returning,2024-12-05,2024-12
C00544,Northeast,New,2024-02-23,2024-02
C00545,Northeast,New,2024-09-24,2024-09
C00546,West,New,2024-12-23,2024-12
C00547,West,New,2024-11-11,2024-11
C00548,South,New,2024-05-16,2024-05
C00549,Midwest,Returning,2024-11-26,2024-11
C00550,West,Loyalty,2024-11-12,2024-11
C00551,South,New,2024-03-18,2024-03
C00552,South,New,2024-09-21,2024-09
C00553,West,New,2024-07-02,2024-07
C00554,Northeast,Loyalty,2024-06-23,2024-06
C00555,Northeast,Returning,2024-07-14,2024-07
C00556,West,Returning,2024-06-12,2024-06
C00557,Midwest,New,2024-04-27,2024-04
C00558,West,Returning,2024-09-15,2024-09
C00559,Midwest,Returning,2024-10-25,2024-10
C00560,South,Returning,2024-07-15,2024-07
C00561,West,Loyalty,2024-04-16,2024-04
C00562,Midwest,Returning,2024-05-19,2024-05
C00563,Midwest,Returning,2024-01-09,2024-01
C00564,Northeast,Returning,2024-04-22,2024-04
C00565,Midwest,Returning,2024-05-03,2024-05
C00566,South,Loyalty,2024-08-20,2024-08
C00567,West,Loyalty,2024-06-19,2024-06
C00568,Midwest,New,2024-02-05,2024-02
C00569,West,Returning,2024-09-25,2024-09
C00570,West,New,2024-06-07,2024-06
C00571,South,Loyalty,2024-07-26,2024-07
C00572,West,New,2024-07-06,2024-07
C00573,Midwest,New,2024-06-06,2024-06
C00574,South,Returning,2024-07-21,2024-07
C00575,West,Loyalty,2024-10-03,2024-10
C00576,South,Returning,2024-07-23,2024-07
C00577,Northeast,Loyalty,2024-10-18,2024-10
C00578,Midwest,New,2024-10-08,2024-10
C00579,Midwest,Loyalty,2024-09-24,2024-09
C00580,South,New,2024-03-14,2024-03
C00581,Midwest,New,2024-02-25,2024-02
C00582,Midwest,New,2024-05-03,2024-05
C00583,Midwest,New,2024-10-15,2024-10
C00584,South,Loyalty,2024-09-16,2024-09
C00585,Midwest,Loyalty,2024-03-16,2024-03
C00586,Midwest,Returning,2024-09-24,2024-09
C00587,West,Returning,2024-12-05,2024-12
C00588,West,Loyalty,2024-08-17,2024-08
C00589,South,Loyalty,2024-05-27,2024-05
C00590,Northeast,Loyalty,2024-07-13,2024-07
C00591,Midwest,Returning,2024-08-09,2024-08
C00592,Midwest,New,2024-03-25,2024-03
C00593,South,Loyalty,2024-01-22,2024-01
C00594,Northeast,New,2024-10-19,2024-10
C00595,Midwest,New,2024-04-08,2024-04
C00596,South,Returning,2024-08-20,2024-08
C00597,South,Loyalty,2024-09-15,2024-09
C00598,Northeast,New,2024-09-12,2024-09
C00599,West,Loyalty,2024-10-27,2024-10
C00600,Northeast,New,2024-05-10,2024-05
C00601,Midwest,Loyalty,2024-07-11,2024-07
C00602,West,New,2024-08-08,2024-08
C00603,Northeast,New,2024-08-07,2024-08
C00604,Northeast,Loyalty,2024-05-22,2024-05
C00605,South,Returning,2024-11-02,2024-11
C00606,Midwest,Returning,2024-05-01,2024-05
C00607,Midwest,Returning,2024-01-17,2024-01
C00608,West,New,2024-12-19,2024-12
C00609,Midwest,New,2024-02-07,2024-02
C00610,Midwest,Returning,2024-08-25,2024-08
C00611,Midwest,New,2024-08-27,2024-08
C00612,Northeast,Returning,2024-08-06,2024-08
C00613,Midwest,Loyalty,2024-01-15,2024-01
C00614,Midwest,Loyalty,2024-12-01,2024-12
C00615,South,New,2024-06-01,2024-06
C00616,South,Returning,2024-10-15,2024-10
C00617,West,New,2024-10-05,2024-10
C00618,West,New,2024-11-20,2024-11
C00619,South,Returning,2024-04-18,2024-04
C00620,Northeast,New,2024-08-18,2024-08
C00621,Midwest,Loyalty,2024-12-21,2024-12
C00622,Midwest,New,2024-03-15,2024-03
C00623,Midwest,New,2024-10-01,2024-10
C00624,Northeast,Returning,2024-08-03,2024-08
C00625,Northeast,New,2024-04-05,2024-04
C00626,South,Returning,2024-02-21,2024-02
C00627,West,New,2024-06-18,2024-06
C00628,Midwest,New,2024-05-20,2024-05
C00629,West,Returning,2024-01-04,2024-01
C00630,Midwest,Returning,2024-01-11,2024-01
C00631,South,Returning,2024-01-13,2024-01
C00632,South,New,2024-01-17,2024-01
C00633,Midwest,Loyalty,2024-10-18,2024-10
C00634,West,New,2024-01-07,2024-01
C00635,South,New,2024-11-11,2024-11
C00636,Northeast,Loyalty,2024-07-27,2024-07
C00637,South,Loyalty,2024-03-17,2024-03
C00638,West,Returning,2024-05-25,2024-05
C00639,Midwest,Returning,2024-11-20,2024-11
C00640,Northeast,Loyalty,2024-05-27,2024-05
C00641,South,Loyalty,2024-03-04,2024-03
C00642,West,New,2024-04-17,2024-04
C00643,Northeast,Returning,2024-12-05,2024-12
C00644,West,Returning,2024-08-01,2024-08
C00645,South,New,2024-02-23,2024-02
C00646,West,New,2024-07-15,2024-07
C00647,Midwest,Loyalty,2024-08-02,2024-08
C00648,South,New,2024-10-15,2024-10
C00649,South,Returning,2024-11-21,2024-11
C00650,Midwest,New,2024-12-12,2024-12
C00651,Northeast,New,2024-07-23,2024-07
C00652,Midwest,New,2024-04-11,2024-04
C00653,South,New,2024-12-24,2024-12
C00654,Northeast,New,2024-04-19,2024-04
C00655,Midwest,Loyalty,2024-06-16,2024-06
C00656,Northeast,Loyalty,2024-05-01,2024-05
C00657,South,Returning,2024-02-02,2024-02
C00658,South,Loyalty,2024-06-25,2024-06
C00659,South,New,2024-06-19,2024-06
C00660,Midwest,Returning,2024-06-10,2024-06
C00661,Northeast,Loyalty,2024-04-20,2024-04
C00662,Midwest,New,2024-05-22,2024-05
C00663,South,Returning,2024-05-06,2024-05
C00664,Northeast,New,2024-07-27,2024-07
C00665,South,New,2024-02-05,2024-02
C00666,South,New,2024-11-27,2024-11
C00667,South,New,2024-02-10,2024-02
C00668,Midwest,Loyalty,2024-02-23,2024-02
C00669,Northeast,Returning,2024-11-10,2024-11
C00670,Northeast,New,2024-09-16,2024-09
C00671,South,Loyalty,2024-11-08,2024-11
C00672,South,New,2024-05-25,2024-05
C00673,Northeast,Loyalty,2024-02-01,2024-02
C00674,Midwest,New,2024-05-17,2024-05
C00675,Midwest,New,2024-09-17,2024-09
C00676,Northeast,Loyalty,2024-09-23,2024-09
C00677,South,Returning,2024-01-16,2024-01
C00678,West,New,2024-07-17,2024-07
C00679,Midwest,New,2024-12-08,2024-12
C00680,Midwest,New,2024-10-02,2024-10
C00681,West,Loyalty,2024-05-04,2024-05
C00682,Northeast,New,2024-01-19,2024-01
C00683,Northeast,Loyalty,2024-01-18,2024-01
C00684,Midwest,Loyalty,2024-02-08,2024-02
C00685,South,Loyalty,2024-03-10,2024-03
C00686,Midwest,Loyalty,2024-02-08,2024-02
C00687,West,Loyalty,2024-03-02,2024-03
C00688,West,New,2024-05-06,2024-05
C00689,Midwest,Loyalty,2024-07-21,2024-07
C00690,Northeast,Returning,2024-01-25,2024-01
C00691,South,Returning,2024-07-18,2024-07
C00692,Northeast,Returning,2024-10-04,2024-10
C00693,South,New,2024-04-17,2024-04
C00694,Northeast,Loyalty,2024-01-15,2024-01
C00695,South,New,2024-03-22,2024-03
C00696,West,Returning,2024-04-15,2024-04
C00697,West,Loyalty,2024-07-07,2024-07
C00698,Midwest,New,2024-09-17,2024-09
C00699,Northeast,Loyalty,2024-09-18,2024-09
C00700,West,Returning,2024-07-09,2024-07
C00701,Midwest,New,2024-10-19,2024-10
C00702,Midwest,Loyalty,2024-10-13,2024-10
C00703,South,New,2024-09-23,2024-09
C00704,Midwest,Returning,2024-12-25,2024-12
C00705,West,Returning,2024-02-25,2024-02
C00706,West,Returning,2024-08-26,2024-08
C00707,Northeast,Loyalty,2024-11-12,2024-11
C00708,West,Returning,2024-06-01,2024-06
C00709,South,Returning,2024-04-03,2024-04
C00710,West,New,2024-10-08,2024-10
C00711,Northeast,New,2024-04-13,2024-04
C00712,West,New,2024-12-27,2024-12
C00713,West,Loyalty,2024-10-14,2024-10
C00714,South,Returning,2024-08-07,2024-08
C00715,Midwest,Loyalty,2024-04-06,2024-04
C00716,Midwest,New,2024-11-16,2024-11
C00717,Midwest,Returning,2024-12-05,2024-12
C00718,Northeast,Returning,2024-06-06,2024-06
C00719,South,Loyalty,2024-01-26,2024-01
C00720,West,Returning,2024-09-14,2024-09
C00721,Northeast,New,2024-04-14,2024-04
C00722,South,New,2024-10-27,2024-10
C00723,Northeast,New,2024-09-10,2024-09
C00724,Northeast,Returning,2024-07-14,2024-07
C00725,West,Returning,2024-05-14,2024-05
C00726,West,Returning,2024-08-01,2024-08
C00727,Midwest,New,2024-08-25,2024-08
C00728,South,New,2024-06-13,2024-06
C00729,South,Loyalty,2024-04-14,2024-04
C00730,Northeast,Loyalty,2024-05-14,2024-05
C00731,South,Returning,2024-02-03,2024-02
C00732,Midwest,New,2024-03-06,2024-03
C00733,West,Loyalty,2024-04-20,2024-04
C00734,West,Loyalty,2024-06-26,2024-06
C00735,Midwest,Returning,2024-09-12,2024-09
C00736,South,Loyalty,2024-06-16,2024-06
C00737,South,Returning,2024-02-07,2024-02
C00738,Northeast,Returning,2024-04-07,2024-04
C00739,Northeast,Returning,2024-01-01,2024-01
C00740,Midwest,Loyalty,2024-06-02,2024-06
C00741,South,Returning,2024-09-21,2024-09
C00742,South,Loyalty,2024-11-01,2024-11
C00743,Midwest,Returning,2024-08-26,2024-08
C00744,Northeast,New,2024-02-16,2024-02
C00745,Midwest,New,2024-03-18,2024-03
C00746,Midwest,Returning,2024-10-22,2024-10
C00747,Northeast,Loyalty,2024-11-02,2024-11
C00748,West,Loyalty,2024-06-19,2024-06
C00749,West,Returning,2024-07-22,2024-07
C00750,South,New,2024-06-03,2024-06
C00751,West,Returning,2024-11-12,2024-11
C00752,West,Returning,2024-12-14,2024-12
C00753,South,New,2024-08-24,2024-08
C00754,South,Returning,2024-12-19,2024-12
C00755,West,Loyalty,2024-11-20,2024-11
C00756,Northeast,Returning,2024-06-02,2024-06
C00757,Midwest,New,2024-07-09,2024-07
C00758,Northeast,Returning,2024-08-11,2024-08
C00759,Northeast,New,2024-04-04,2024-04
C00760,South,Returning,2024-06-02,2024-06
C00761,Northeast,New,2024-05-10,2024-05
C00762,Northeast,Returning,2024-09-20,2024-09
C00763,Northeast,Returning,2024-01-01,2024-01
C00764,Northeast,Loyalty,2024-09-21,2024-09
C00765,West,Loyalty,2024-10-10,2024-10
C00766,West,Returning,2024-01-20,2024-01
C00767,West,New,2024-09-22,2024-09
C00768,West,New,2024-10-22,2024-10
C00769,West,New,2024-12-21,2024-12
C00770,West,Loyalty,2024-10-06,2024-10
C00771,Midwest,Returning,2024-12-14,2024-12
C00772,Midwest,Returning,2024-10-06,2024-10
C00773,West,Returning,2024-09-04,2024-09
C00774,Midwest,Loyalty,2024-09-24,2024-09
C00775,Northeast,Loyalty,2024-11-24,2024-11
C00776,Northeast,New,2024-02-23,2024-02
C00777,Midwest,Loyalty,2024-08-12,2024-08
C00778,South,New,2024-04-21,2024-04
C00779,Midwest,New,2024-04-20,2024-04
C00780,West,Returning,2024-08-12,2024-08
C00781,South,Returning,2024-08-25,2024-08
C00782,West,New,2024-03-05,2024-03
C00783,South,New,2024-08-05,2024-08
C00784,West,Loyalty,2024-02-17,2024-02
C00785,Midwest,Returning,2024-12-27,2024-12
C00786,Midwest,Returning,2024-03-26,2024-03
C00787,South,Loyalty,2024-11-25,2024-11
C00788,West,Returning,2024-05-20,2024-05
C00789,West,New,2024-05-24,2024-05
C00790,South,Loyalty,2024-01-25,2024-01
C00791,Midwest,Returning,2024-02-08,2024-02
C00792,West,Loyalty,2024-08-11,2024-08
C00793,West,Returning,2024-11-20,2024-11
C00794,West,Returning,2024-04-20,2024-04
C00795,Midwest,Loyalty,2024-02-25,2024-02
C00796,South,Loyalty,2024-09-23,2024-09
C00797,Northeast,New,2024-01-10,2024-01
C00798,West,Loyalty,2024-09-15,2024-09
C00799,Midwest,New,2024-03-23,2024-03
C00800,West,Returning,2024-04-15,2024-04
C00801,South,New,2024-06-22,2024-06
C00802,West,Returning,2024-05-09,2024-05
C00803,Midwest,Returning,2024-04-25,2024-04
C00804,Northeast,New,2024-09-15,2024-09
C00805,Northeast,Returning,2024-09-10,2024-09
C00806,Midwest,Returning,2024-03-24,2024-03
C00807,Midwest,Loyalty,2024-04-13,2024-04
C00808,South,Returning,2024-01-23,2024-01
C00809,West,Loyalty,2024-12-17,2024-12
C00810,South,New,2024-02-07,2024-02
C00811,South,Returning,2024-02-01,2024-02
C00812,Midwest,New,2024-04-22,2024-04
C00813,Northeast,Returning,2024-05-13,2024-05
C00814,Midwest,Loyalty,2024-03-10,2024-03
C00815,South,Returning,2024-09-25,2024-09
C00816,South,Returning,2024-10-07,2024-10
C00817,Midwest,Returning,2024-10-11,2024-10
C00818,South,New,2024-12-22,2024-12
C00819,South,Loyalty,2024-10-20,2024-10
C00820,South,Returning,2024-03-06,2024-03
C00821,South,New,2024-03-08,2024-03
C00822,Midwest,New,2024-11-15,2024-11
C00823,Midwest,Loyalty,2024-07-08,2024-07
C00824,Midwest,Returning,2024-08-14,2024-08
C00825,Midwest,Loyalty,2024-11-26,2024-11
C00826,South,Returning,2024-04-11,2024-04
C00827,Midwest,Returning,2024-09-09,2024-09
C00828,Northeast,New,2024-11-12,2024-11
C00829,West,New,2024-08-16,2024-08
C00830,West,Loyalty,2024-12-26,2024-12
C00831,West,Loyalty,2024-06-11,2024-06
C00832,West,Loyalty,2024-07-02,2024-07
C00833,Midwest,Loyalty,2024-12-03,2024-12
C00834,Northeast,New,2024-03-05,2024-03
C00835,Northeast,Returning,2024-09-05,2024-09
C00836,Midwest,Loyalty,2024-02-14,2024-02
C00837,South,New,2024-04-26,2024-04
C00838,Midwest,New,2024-02-13,2024-02
C00839,Northeast,Returning,2024-05-03,2024-05
C00840,Midwest,Returning,2024-10-24,2024-10
C00841,West,New,2024-07-15,2024-07
C00842,West,Returning,2024-02-03,2024-02
C00843,South,Returning,2024-07-04,2024-07
C00844,Midwest,Returning,2024-09-03,2024-09
C00845,Northeast,Loyalty,2024-03-16,2024-03
C00846,Northeast,Loyalty,2024-07-08,2024-07
C00847,South,Loyalty,2024-01-07,2024-01
C00848,Northeast,Loyalty,2024-05-18,2024-05
C00849,West,New,2024-10-26,2024-10
C00850,West,Returning,2024-05-17,2024-05
C00851,South,Returning,2024-08-25,2024-08
C00852,South,New,2024-01-19,2024-01
C00853,West,Returning,2024-07-19,2024-07
C00854,Northeast,Loyalty,2024-05-05,2024-05
C00855,Northeast,Loyalty,2024-02-27,2024-02
C00856,Midwest,New,2024-01-11,2024-01
C00857,West,Returning,2024-09-05,2024-09
C00858,Midwest,Returning,2024-11-15,2024-11
C00859,South,Loyalty,2024-02-07,2024-02
C00860,West,Returning,2024-12-01,2024-12
C00861,Midwest,Returning,2024-08-23,2024-08
C00862,West,Returning,2024-05-25,2024-05
C00863,Northeast,Loyalty,2024-03-08,2024-03
C00864,South,New,2024-08-17,2024-08
C00865,Midwest,Returning,2024-05-03,2024-05
C00866,West,New,2024-02-08,2024-02
C00867,West,Loyalty,2024-12-14,2024-12
C00868,West,Returning,2024-10-23,2024-10
C00869,West,Loyalty,2024-01-10,2024-01
C00870,South,Loyalty,2024-10-04,2024-10
C00871,West,Loyalty,2024-06-17,2024-06
C00872,Midwest,Loyalty,2024-12-01,2024-12
C00873,West,New,2024-02-18,2024-02
C00874,South,Loyalty,2024-07-11,2024-07
C00875,West,Loyalty,2024-03-20,2024-03
C00876,West,Returning,2024-10-21,2024-10
C00877,South,Returning,2024-01-09,2024-01
C00878,Northeast,New,2024-11-22,2024-11
C00879,South,New,2024-03-22,2024-03
C00880,South,Returning,2024-01-23,2024-01
C00881,South,New,2024-10-26,2024-10
C00882,Midwest,Loyalty,2024-08-07,2024-08
C00883,South,Loyalty,2024-10-10,2024-10
C00884,Midwest,New,2024-05-22,2024-05
C00885,South,Returning,2024-03-05,2024-03
C00886,West,Returning,2024-04-08,2024-04
C00887,West,New,2024-08-12,2024-08
C00888,West,Loyalty,2024-02-17,2024-02
C00889,Northeast,New,2024-02-22,2024-02
C00890,Midwest,New,2024-11-04,2024-11
C00891,Northeast,New,2024-06-12,2024-06
C00892,South,New,2024-07-19,2024-07
C00893,West,Returning,2024-10-02,2024-10
C00894,Midwest,Returning,2024-04-15,2024-04
C00895,South,Loyalty,2024-10-14,2024-10
C00896,Midwest,New,2024-06-06,2024-06
C00897,South,Returning,2024-05-25,2024-05
C00898,West,New,2024-08-13,2024-08
C00899,Midwest,New,2024-04-12,2024-04
C00900,West,Loyalty,2024-05-13,2024-05
C00901,Northeast,Loyalty,2024-01-13,2024-01
C00902,West,New,2024-09-23,2024-09
C00903,West,New,2024-04-27,2024-04
C00904,Northeast,New,2024-12-16,2024-12
C00905,Northeast,New,2024-07-14,2024-07
C00906,Midwest,Loyalty,2024-07-12,2024-07
C00907,South,Loyalty,2024-06-26,2024-06
C00908,South,New,2024-12-12,2024-12
C00909,South,Loyalty,2024-08-03,2024-08
C00910,South,Returning,2024-05-02,2024-05
C00911,South,Loyalty,2024-10-27,2024-10
C00912,Midwest,New,2024-08-23,2024-08
C00913,Northeast,New,2024-06-11,2024-06
C00914,Northeast,Loyalty,2024-08-25,2024-08
C00915,West,Loyalty,2024-03-24,2024-03
C00916,West,New,2024-01-02,2024-01
C00917,Midwest,Returning,2024-09-11,2024-09
C00918,South,Loyalty,2024-08-05,2024-08
C00919,Northeast,Loyalty,2024-02-01,2024-02
C00920,South,Loyalty,2024-04-12,2024-04
C00921,Northeast,New,2024-06-06,2024-06
C00922,West,New,2024-12-22,2024-12
C00923,West,Loyalty,2024-10-13,2024-10
C00924,West,Loyalty,2024-08-25,2024-08
C00925,South,Returning,2024-02-08,2024-02
C00926,West,New,2024-06-16,2024-06
C00927,Midwest,New,2024-04-20,2024-04
C00928,South,New,2024-12-16,2024-12
C00929,West,Returning,2024-01-13,2024-01
C00930,Midwest,Returning,2024-08-12,2024-08
C00931,Midwest,New,2024-01-08,2024-01
C00932,Midwest,Returning,2024-06-25,2024-06
C00933,Northeast,New,2024-02-10,2024-02
C00934,South,Loyalty,2024-11-15,2024-11
C00935,West,New,2024-09-03,2024-09
C00936,Northeast,Loyalty,2024-04-20,2024-04
C00937,Midwest,Returning,2024-08-16,2024-08
C00938,Northeast,Returning,2024-04-25,2024-04
C00939,South,Loyalty,2024-12-06,2024-12
C00940,Northeast,Returning,2024-07-22,2024-07
C00941,Midwest,New,2024-07-15,2024-07
C00942,Midwest,New,2024-07-03,2024-07
C00943,Northeast,Returning,2024-07-09,2024-07
C00944,Midwest,Returning,2024-11-14,2024-11
C00945,Midwest,Returning,2024-04-23,2024-04
C00946,West,Loyalty,2024-08-05,2024-08
C00947,Midwest,Loyalty,2024-08-23,2024-08
C00948,West,New,2024-11-15,2024-11
C00949,South,Returning,2024-10-21,2024-10
C00950,Midwest,Returning,2024-03-16,2024-03
C00951,Midwest,New,2024-11-20,2024-11
C00952,South,Returning,2024-03-10,2024-03
C00953,West,Loyalty,2024-01-08,2024-01
C00954,Northeast,Loyalty,2024-04-02,2024-04
C00955,South,New,2024-09-17,2024-09
C00956,Northeast,Loyalty,2024-09-08,2024-09
C00957,Northeast,New,2024-02-14,2024-02
C00958,Midwest,Returning,2024-09-03,2024-09
C00959,Northeast,Returning,2024-04-23,2024-04
C00960,Northeast,Loyalty,2024-10-01,2024-10
C00961,Midwest,New,2024-06-02,2024-06
C00962,Northeast,New,2024-05-19,2024-05
C00963,West,Returning,2024-08-16,2024-08
C00964,South,Loyalty,2024-12-14,2024-12
C00965,West,Loyalty,2024-02-02,2024-02
C00966,South,Loyalty,2024-09-21,2024-09
C00967,West,Returning,2024-04-01,2024-04
C00968,Midwest,New,2024-11-16,2024-11
C00969,West,Loyalty,2024-04-18,2024-04
C00970,Northeast,New,2024-12-23,2024-12
C00971,West,New,2024-05-18,2024-05
C00972,Northeast,Loyalty,2024-11-17,2024-11
C00973,Northeast,New,2024-03-10,2024-03
C00974,South,Returning,2024-07-23,2024-07
C00975,Midwest,Loyalty,2024-09-02,2024-09
C00976,Northeast,New,2024-11-19,2024-11
C00977,Midwest,Loyalty,2024-03-12,2024-03
C00978,West,Returning,2024-01-21,2024-01
C00979,West,Returning,2024-01-01,2024-01
C00980,South,Returning,2024-05-12,2024-05
C00981,West,New,2024-09-18,2024-09
C00982,West,New,2024-03-14,2024-03
C00983,Northeast,Loyalty,2024-08-04,2024-08
C00984,Midwest,Returning,2024-12-14,2024-12
C00985,Northeast,Returning,2024-10-16,2024-10
C00986,South,Loyalty,2024-08-27,2024-08
C00987,Northeast,Returning,2024-07-07,2024-07
C00988,West,New,2024-12-15,2024-12
C00989,Midwest,New,2024-10-26,2024-10
C00990,South,Loyalty,2024-09-11,2024-09
C00991,South,Loyalty,2024-10-19,2024-10
C00992,West,New,2024-07-09,2024-07
C00993,Midwest,New,2024-01-16,2024-01
C00994,South,New,2024-07-19,2024-07
C00995,South,Returning,2024-08-27,2024-08
C00996,West,Returning,2024-10-11,2024-10
C00997,Northeast,New,2024-04-01,2024-04
C00998,South,New,2024-10-18,2024-10
C00999,Northeast,New,2024-09-22,2024-09
C01000,West,Returning,2024-08-04,2024-08
C01001,West,New,2024-04-16,2024-04
C01002,South,New,2024-05-12,2024-05
C01003,South,New,2024-09-11,2024-09
C01004,West,Loyalty,2024-07-15,2024-07
C01005,South,Loyalty,2024-06-02,2024-06
C01006,Midwest,Returning,2024-01-08,2024-01
C01007,South,Returning,2024-06-08,2024-06
C01008,Midwest,New,2024-05-05,2024-05
C01009,Northeast,Returning,2024-03-04,2024-03
C01010,West,New,2024-01-24,2024-01
C01011,Northeast,Loyalty,2024-05-18,2024-05
C01012,Northeast,Returning,2024-03-08,2024-03
C01013,Midwest,New,2024-11-23,2024-11
C01014,Midwest,New,2024-09-20,2024-09
C01015,West,Loyalty,2024-08-05,2024-08
C01016,South,Returning,2024-11-01,2024-11
C01017,South,Loyalty,2024-10-03,2024-10
C01018,South,New,2024-05-13,2024-05
C01019,South,Loyalty,2024-07-13,2024-07
C01020,Midwest,Loyalty,2024-09-08,2024-09
C01021,West,Loyalty,2024-11-18,2024-11
C01022,West,New,2024-12-27,2024-12
C01023,Northeast,New,2024-04-14,2024-04
C01024,South,New,2024-06-26,2024-06
C01025,Midwest,Loyalty,2024-08-03,2024-08
C01026,Midwest,New,2024-12-02,2024-12
C01027,Midwest,Loyalty,2024-05-04,2024-05
C01028,West,New,2024-06-17,2024-06
C01029,Northeast,New,2024-09-09,2024-09
C01030,South,Returning,2024-09-05,2024-09
C01031,West,Loyalty,2024-10-07,2024-10
C01032,West,Returning,2024-04-02,2024-04
C01033,Midwest,Loyalty,2024-05-02,2024-05
C01034,Northeast,Returning,2024-08-26,2024-08
C01035,West,Returning,2024-06-20,2024-06
C01036,Midwest,Loyalty,2024-08-19,2024-08
C01037,West,New,2024-07-15,2024-07
C01038,South,Loyalty,2024-01-08,2024-01
C01039,South,New,2024-03-09,2024-03
C01040,West,Loyalty,2024-06-12,2024-06
C01041,South,New,2024-11-09,2024-11
C01042,South,Loyalty,2024-09-02,2024-09
C01043,West,New,2024-09-02,2024-09
C01044,Midwest,Returning,2024-02-19,2024-02
C01045,South,Loyalty,2024-12-13,2024-12
C01046,West,Loyalty,2024-12-10,2024-12
C01047,South,New,2024-01-24,2024-01
C01048,Northeast,New,2024-05-27,2024-05
C01049,Northeast,New,2024-05-07,2024-05
C01050,Midwest,Returning,2024-05-04,2024-05
C01051,South,Returning,2024-11-24,2024-11
C01052,West,Loyalty,2024-06-05,2024-06
C01053,Northeast,Returning,2024-09-27,2024-09
C01054,Northeast,Returning,2024-05-16,2024-05
C01055,South,New,2024-08-25,2024-08
C01056,Northeast,New,2024-10-11,2024-10
C01057,South,Loyalty,2024-04-06,2024-04
C01058,South,Loyalty,2024-09-20,2024-09
C01059,Midwest,New,2024-10-17,2024-10
C01060,Midwest,Loyalty,2024-11-26,2024-11
C01061,Midwest,Loyalty,2024-04-12,2024-04
C01062,South,Loyalty,2024-10-02,2024-10
C01063,South,Loyalty,2024-07-08,2024-07
C01064,West,Returning,2024-10-15,2024-10
C01065,West,New,2024-08-06,2024-08
C01066,Midwest,Loyalty,2024-05-06,2024-05
C01067,Northeast,New,2024-03-06,2024-03
C01068,South,Loyalty,2024-02-26,2024-02
C01069,Northeast,Loyalty,2024-01-25,2024-01
C01070,Northeast,New,2024-06-21,2024-06
C01071,Northeast,Loyalty,2024-07-06,2024-07
C01072,West,Returning,2024-02-11,2024-02
C01073,Northeast,New,2024-11-27,2024-11
C01074,Midwest,Loyalty,2024-01-10,2024-01
C01075,Midwest,Loyalty,2024-01-18,2024-01
C01076,Northeast,Returning,2024-07-18,2024-07
C01077,West,New,2024-07-24,2024-07
C01078,Midwest,New,2024-02-21,2024-02
C01079,Northeast,New,2024-07-04,2024-07
C01080,Midwest,Loyalty,2024-05-09,2024-05
C01081,West,New,2024-03-15,2024-03
C01082,South,New,2024-09-05,2024-09
C01083,South,Loyalty,2024-06-25,2024-06
C01084,Northeast,Returning,2024-06-19,2024-06
C01085,Midwest,Loyalty,2024-02-06,2024-02
C01086,Northeast,Returning,2024-06-24,2024-06
C01087,South,Loyalty,2024-03-12,2024-03
C01088,Midwest,New,2024-10-15,2024-10
C01089,Northeast,Loyalty,2024-02-04,2024-02
C01090,Northeast,Loyalty,2024-11-27,2024-11
C01091,South,Returning,2024-03-01,2024-03
C01092,Northeast,Loyalty,2024-05-15,2024-05
C01093,West,New,2024-07-10,2024-07
C01094,Northeast,Returning,2024-11-27,2024-11
C01095,Midwest,Returning,2024-11-05,2024-11
C01096,West,Loyalty,2024-03-05,2024-03
C01097,South,Returning,2024-06-14,2024-06
C01098,Northeast,Returning,2024-07-05,2024-07
C01099,West,Returning,2024-07-18,2024-07
C01100,Northeast,Loyalty,2024-11-02,2024-11
C01101,Midwest,Loyalty,2024-07-21,2024-07
C01102,Midwest,Returning,2024-06-10,2024-06
C01103,Midwest,Returning,2024-04-12,2024-04
C01104,South,Loyalty,2024-10-12,2024-10
C01105,Northeast,Loyalty,2024-02-02,2024-02
C01106,West,New,2024-11-04,2024-11
C01107,West,Returning,2024-06-04,2024-06
C01108,West,New,2024-09-12,2024-09
C01109,Midwest,Loyalty,2024-11-19,2024-11
C01110,Midwest,Loyalty,2024-04-12,2024-04
C01111,Midwest,Returning,2024-09-26,2024-09
C01112,West,Loyalty,2024-05-01,2024-05
C01113,West,New,2024-12-26,2024-12
C01114,West,New,2024-02-11,2024-02
C01115,West,New,2024-12-13,2024-12
C01116,Midwest,New,2024-07-26,2024-07
C01117,Northeast,Returning,2024-09-07,2024-09
C01118,South,Returning,2024-05-16,2024-05
C01119,Midwest,Loyalty,2024-05-20,2024-05
C01120,Northeast,New,2024-05-14,2024-05
C01121,West,Loyalty,2024-01-02,2024-01
C01122,South,Returning,2024-02-10,2024-02
C01123,West,Loyalty,2024-05-23,2024-05
C01124,Midwest,Returning,2024-08-14,2024-08
C01125,West,New,2024-12-20,2024-12
C01126,West,Loyalty,2024-04-26,2024-04
C01127,Midwest,Returning,2024-05-04,2024-05
C01128,West,Returning,2024-03-26,2024-03
C01129,South,Returning,2024-02-12,2024-02
C01130,Midwest,New,2024-04-22,2024-04
C01131,Northeast,Returning,2024-12-03,2024-12
C01132,South,New,2024-01-05,2024-01
C01133,Midwest,New,2024-03-01,2024-03
C01134,South,Returning,2024-04-16,2024-04
C01135,Northeast,New,2024-01-11,2024-01
C01136,Midwest,Returning,2024-12-25,2024-12
C01137,West,Loyalty,2024-05-18,2024-05
C01138,Midwest,New,2024-11-27,2024-11
C01139,Northeast,Loyalty,2024-08-22,2024-08
C01140,Midwest,Loyalty,2024-06-08,2024-06
C01141,West,Loyalty,2024-05-21,2024-05
C01142,South,New,2024-09-03,2024-09
C01143,Northeast,New,2024-01-25,2024-01
C01144,Midwest,New,2024-08-27,2024-08
C01145,Midwest,Returning,2024-12-11,2024-12
C01146,West,Returning,2024-01-21,2024-01
C01147,Midwest,Loyalty,2024-11-24,2024-11
C01148,South,Returning,2024-07-09,2024-07
C01149,South,Returning,2024-11-11,2024-11
C01150,Midwest,New,2024-01-16,2024-01
C01151,South,New,2024-04-24,2024-04
C01152,South,Loyalty,2024-04-13,2024-04
C01153,Northeast,Returning,2024-10-05,2024-10
C01154,Northeast,New,2024-02-07,2024-02
C01155,West,Returning,2024-06-10,2024-06
C01156,South,New,2024-05-16,2024-05
C01157,South,Loyalty,2024-09-23,2024-09
C01158,Midwest,Returning,2024-01-16,2024-01
C01159,Midwest,Returning,2024-05-18,2024-05
C01160,Northeast,New,2024-05-25,2024-05
C01161,Northeast,Returning,2024-05-09,2024-05
C01162,West,Loyalty,2024-05-13,2024-05
C01163,Midwest,Returning,2024-06-02,2024-06
C01164,Midwest,New,2024-11-19,2024-11
C01165,Midwest,New,2024-12-05,2024-12
C01166,Midwest,Returning,2024-12-13,2024-12
C01167,Midwest,Loyalty,2024-01-15,2024-01
C01168,Midwest,Loyalty,2024-03-18,2024-03
C01169,South,Returning,2024-04-26,2024-04
C01170,Northeast,New,2024-07-11,2024-07
C01171,South,New,2024-08-22,2024-08
C01172,West,Loyalty,2024-12-10,2024-12
C01173,South,Loyalty,2024-08-06,2024-08
C01174,West,Returning,2024-12-19,2024-12
C01175,Midwest,New,2024-05-25,2024-05
C01176,Midwest,New,2024-05-14,2024-05
C01177,Midwest,Returning,2024-03-23,2024-03
C01178,West,Loyalty,2024-05-26,2024-05
C01179,Northeast,Returning,2024-07-26,2024-07
C01180,Northeast,New,2024-08-15,2024-08
C01181,Midwest,Loyalty,2024-11-15,2024-11
C01182,West,Loyalty,2024-02-18,2024-02
C01183,Northeast,New,2024-03-03,2024-03
C01184,Midwest,Returning,2024-09-02,2024-09
C01185,South,New,2024-08-18,2024-08
C01186,Northeast,Returning,2024-12-17,2024-12
C01187,West,Loyalty,2024-05-26,2024-05
C01188,West,Loyalty,2024-06-12,2024-06
C01189,South,New,2024-04-14,2024-04
C01190,South,Loyalty,2024-08-13,2024-08
C01191,West,New,2024-09-08,2024-09
C01192,West,Loyalty,2024-04-22,2024-04
C01193,South,New,2024-01-01,2024-01
C01194,West,New,2024-01-19,2024-01
C01195,Northeast,Loyalty,2024-04-05,2024-04
C01196,Northeast,Loyalty,2024-04-18,2024-04
C01197,West,Returning,2024-03-05,2024-03
C01198,Northeast,New,2024-04-23,2024-04
C01199,West,Loyalty,2024-12-26,2024-12
C01200,South,Loyalty,2024-05-24,2024-05
